simulation,stock
201.0868450337692,aapl
235.2875221360753,aapl
154.14188853504837,aapl
201.65482226128532,aapl
141.27616064367191,aapl
234.16537818569873,aapl
167.92186116228785,aapl
175.7436651454203,aapl
194.5532144540008,aapl
92.6630862313071,aapl
179.13217642026518,aapl
119.69244310110125,aapl
192.47556652410293,aapl
172.2239365019055,aapl
187.40873198192023,aapl
185.06842302647445,aapl
237.58188824442487,aapl
244.95508647034382,aapl
195.52093803378943,aapl
166.07829510783043,aapl
158.53630967788047,aapl
225.37250767525904,aapl
225.19557977960594,aapl
173.27225553864812,aapl
169.00309055315827,aapl
213.93144941189053,aapl
133.87568284273684,aapl
145.3202087094427,aapl
205.38577571148892,aapl
141.26715651489448,aapl
285.7350980935774,aapl
180.9852090812885,aapl
172.96167227725917,aapl
117.95761554628558,aapl
202.64095207518983,aapl
121.00430516477456,aapl
218.51073894287342,aapl
172.5124606424197,aapl
125.60308175681348,aapl
293.5322594614555,aapl
198.47379727498554,aapl
160.14158941730395,aapl
146.08300503932995,aapl
178.56520792841758,aapl
138.80164015319852,aapl
189.39760564430227,aapl
135.26870550377544,aapl
164.9021705238587,aapl
196.32456454532496,aapl
128.7776058574496,aapl
167.49224530108236,aapl
98.81672891467088,aapl
290.1664546591386,aapl
147.66075486631456,aapl
139.20587184636594,aapl
150.73433628293682,aapl
144.68864202119198,aapl
211.8360101147503,aapl
143.36791594757096,aapl
206.54950062532268,aapl
156.6240162016024,aapl
275.5775256049636,aapl
156.83805784066516,aapl
195.71359826749415,aapl
158.49956244314987,aapl
233.44609835202397,aapl
169.4352904802464,aapl
158.7234771983577,aapl
167.2952205413851,aapl
161.77091062811067,aapl
205.35772406410277,aapl
190.1341274292579,aapl
201.39250272471222,aapl
160.74389548222325,aapl
167.09139458027715,aapl
128.336602282135,aapl
290.70726588624717,aapl
186.00107963934772,aapl
141.93279442448596,aapl
139.70054367300756,aapl
150.80908428566912,aapl
232.34270191862336,aapl
193.70996533456653,aapl
190.41674616997312,aapl
183.43547317371022,aapl
216.58305160922487,aapl
526.8755481259016,aapl
155.09309743916805,aapl
201.7176502498756,aapl
145.79271250398216,aapl
364.22782958363473,aapl
232.46697978708528,aapl
230.60058031526466,aapl
167.06041229138114,aapl
346.6904132061177,aapl
143.90636169826118,aapl
166.5855342662189,aapl
197.5788558833179,aapl
197.17078791750487,aapl
263.54775896143946,aapl
118.86557197001888,aapl
237.21195733300505,aapl
207.75195204737332,aapl
257.64109543544475,aapl
165.88602651555328,aapl
134.88737138738492,aapl
106.2157447912386,aapl
169.33842129617284,aapl
219.96078677179827,aapl
155.90117059525795,aapl
360.77938717047635,aapl
169.24657165742545,aapl
420.9230043354275,aapl
218.12304272095355,aapl
153.1702671131448,aapl
195.47052696460923,aapl
179.88236860147606,aapl
151.53551265961747,aapl
283.91013453868766,aapl
214.70867981224472,aapl
138.31466509277246,aapl
145.57164804479348,aapl
167.80719367009004,aapl
210.47668888164154,aapl
137.7465854063534,aapl
278.25306254356565,aapl
134.33578840558536,aapl
161.4177343979894,aapl
143.96035993602086,aapl
188.8125270332217,aapl
460.3876824254849,aapl
194.51362588557674,aapl
171.8776954897653,aapl
179.41202839602548,aapl
253.2760341156174,aapl
134.8916898320792,aapl
217.4335137137725,aapl
196.04378208314688,aapl
136.4505535814319,aapl
162.91441955209615,aapl
196.48823256693854,aapl
178.09082570874085,aapl
194.20376236256058,aapl
141.39803912496194,aapl
181.1484058906022,aapl
168.0072589107213,aapl
182.17141456813437,aapl
190.53802170866007,aapl
334.17014688890555,aapl
235.74560286356007,aapl
254.06339034898218,aapl
195.07136769292165,aapl
132.6547055991683,aapl
127.02906168637308,aapl
113.41825591659784,aapl
180.75873421830667,aapl
161.76846493355131,aapl
119.69906765078709,aapl
170.7706032746973,aapl
135.7443869555552,aapl
119.63120503923675,aapl
150.27846809189825,aapl
213.05841033692008,aapl
253.98182165891592,aapl
166.76966208105554,aapl
129.09740970095316,aapl
176.25080659984278,aapl
249.7128593659476,aapl
92.71877682562213,aapl
302.21486588313724,aapl
215.21346215151635,aapl
143.06126118608952,aapl
207.6606705086261,aapl
226.2050069036082,aapl
264.5249768551615,aapl
100.54360731698425,aapl
293.0985142488772,aapl
194.90863076161972,aapl
186.96615612801943,aapl
199.21660778795277,aapl
185.50512145931526,aapl
249.1300452219459,aapl
182.73811478455423,aapl
244.38169316004738,aapl
273.81166584455787,aapl
138.76324812587248,aapl
240.97201479188007,aapl
238.62560199689577,aapl
283.8439156972561,aapl
166.5657097268851,aapl
262.6807716065646,aapl
211.51992316432862,aapl
170.72547060193332,aapl
185.1146951740428,aapl
115.27491682098264,aapl
187.08335906306283,aapl
246.88108974631058,aapl
182.64556590958645,aapl
148.39135978545428,aapl
249.79527428973142,aapl
208.95129558134695,aapl
178.26418978905326,aapl
232.00649792639368,aapl
167.81557324313766,aapl
156.97340062392146,aapl
141.37282370752308,aapl
174.23958479572823,aapl
217.98390124012053,aapl
230.8854601458257,aapl
235.4595787330429,aapl
163.45553533305315,aapl
172.069974021588,aapl
277.80232862338227,aapl
161.1283949891694,aapl
156.55447863759355,aapl
166.14313607107988,aapl
158.24514837640305,aapl
202.581029270259,aapl
222.81348248036775,aapl
84.47490482013477,aapl
232.40465044424533,aapl
184.34561411597912,aapl
278.49463671597886,aapl
163.60144608819797,aapl
100.93500209956748,aapl
153.10466171097758,aapl
111.48946417315437,aapl
193.1090088774653,aapl
134.16130974337327,aapl
115.54606413636456,aapl
216.08834774217007,aapl
163.07173750356034,aapl
218.30179935066508,aapl
193.12413557608025,aapl
197.04413751417857,aapl
218.7285959924895,aapl
214.6138031339644,aapl
163.36227732848556,aapl
215.35553364550572,aapl
198.47482827205448,aapl
208.36074265275315,aapl
176.54963940924426,aapl
158.791012944578,aapl
219.94558198827892,aapl
193.6548609097848,aapl
208.17033743289488,aapl
167.28520984278484,aapl
161.7012038514784,aapl
114.24560430492903,aapl
194.37465594701862,aapl
131.36194124491206,amzn
176.3337036961125,amzn
144.8242445732428,amzn
132.2055659631126,amzn
256.8328136454551,amzn
88.4218032084585,amzn
258.8090215065302,amzn
175.39222113077432,amzn
122.15797497315579,amzn
147.82519784778708,amzn
280.1204910871452,amzn
226.2865476866774,amzn
193.1368563998503,amzn
277.78862310023317,amzn
161.74498578388915,amzn
147.72169152959032,amzn
176.53516770018845,amzn
158.2607170526776,amzn
101.41336775423127,amzn
140.74403792958697,amzn
141.54529953420095,amzn
174.376063459202,amzn
213.94658800781974,amzn
113.11584048326233,amzn
128.49008519738322,amzn
205.5772760892374,amzn
136.78573524133031,amzn
180.7402135198208,amzn
123.95849126595162,amzn
102.97438258021985,amzn
282.59092930655305,amzn
159.74009575797183,amzn
173.81065740184886,amzn
143.8559811406916,amzn
167.60693315022257,amzn
61.948625288698494,amzn
74.00229250111451,amzn
164.19733604136636,amzn
274.30610508646043,amzn
300.2327384388907,amzn
205.30025294785926,amzn
131.51217613570324,amzn
239.5645313537,amzn
187.893033586635,amzn
242.95099801900687,amzn
171.42437941204142,amzn
189.75839747980694,amzn
426.3116289534336,amzn
51.68717767579151,amzn
187.35581801393255,amzn
175.96834460701083,amzn
242.7332851174638,amzn
164.54816368920973,amzn
241.66374965329493,amzn
235.29540986815934,amzn
140.3818494249129,amzn
220.51009771757214,amzn
148.25452386936146,amzn
72.98840289261629,amzn
112.62295785669974,amzn
68.60677727613779,amzn
144.00873632116273,amzn
89.14074054074521,amzn
169.7585480003656,amzn
245.0256954007554,amzn
110.09605859878278,amzn
195.01480992758403,amzn
156.5149038301489,amzn
181.35701108989417,amzn
83.11324480205228,amzn
198.28230424389184,amzn
130.94398560920015,amzn
262.1328919829474,amzn
193.33918977198124,amzn
153.18184895935096,amzn
98.92860773182416,amzn
195.8191505794372,amzn
158.5620353657559,amzn
142.67361750948703,amzn
218.15697389493428,amzn
231.73194987985448,amzn
163.7582051682278,amzn
81.30458210170252,amzn
163.11805970015402,amzn
127.74882854711387,amzn
144.21451714313054,amzn
111.40089526766833,amzn
121.65547192495346,amzn
111.04981993487208,amzn
221.5688662645368,amzn
194.8426852152716,amzn
141.8288448063349,amzn
296.9278613446294,amzn
201.5421027519784,amzn
127.34172636645917,amzn
129.37504915511403,amzn
118.32263461317356,amzn
207.51133271532515,amzn
726.1351788636387,amzn
233.445675485023,amzn
102.74653636423749,amzn
138.03169133238714,amzn
207.0650370392931,amzn
101.03993382413451,amzn
222.45329953278642,amzn
371.91587713059636,amzn
179.7791773521791,amzn
166.57693832932918,amzn
350.0305355640082,amzn
81.35464924542964,amzn
167.9894030483445,amzn
253.1277261051411,amzn
206.74610881403993,amzn
184.39683756305428,amzn
147.83420289536056,amzn
374.19233315984445,amzn
129.02129762373528,amzn
173.89703164067777,amzn
318.56114985446766,amzn
173.0308959916688,amzn
151.22723969233778,amzn
134.23059371112024,amzn
403.1169391621438,amzn
171.4777759219753,amzn
140.95392187061012,amzn
113.18818957943829,amzn
218.96098963332255,amzn
139.90342838548628,amzn
172.49227609751222,amzn
201.9842134566494,amzn
180.0755970795435,amzn
258.6476293547683,amzn
284.98874362406593,amzn
123.97613883779937,amzn
134.69135712462918,amzn
276.687071218705,amzn
202.65749580356214,amzn
140.50229052051222,amzn
173.3904198281851,amzn
269.96658930329005,amzn
119.2921995212892,amzn
230.30130414435843,amzn
104.3570680740029,amzn
224.25599979056588,amzn
151.53264091085939,amzn
174.90358146675513,amzn
193.75895563959202,amzn
226.0773270084961,amzn
170.65881983976115,amzn
169.14721524195724,amzn
115.60708120967898,amzn
147.36650948142315,amzn
117.28732830474755,amzn
110.8718041467134,amzn
210.97882490017975,amzn
134.5600898213831,amzn
135.06142475623147,amzn
197.20229428760558,amzn
131.68397096559193,amzn
150.4819288013044,amzn
131.54022913887354,amzn
160.06309314423484,amzn
96.37606848497755,amzn
176.11177326768825,amzn
276.55610007983375,amzn
167.83139798266396,amzn
55.09690795393698,amzn
184.35481428720482,amzn
118.42279499162217,amzn
184.6948672643643,amzn
108.70554917518434,amzn
211.0841197300855,amzn
192.00308177107917,amzn
82.55421059515888,amzn
128.90516911622333,amzn
223.0672544869863,amzn
291.95717937663494,amzn
157.58734982108592,amzn
217.24604246355142,amzn
123.20849034592983,amzn
174.92050616720724,amzn
130.6859866342768,amzn
157.63502610320256,amzn
313.3797506587386,amzn
183.7334776546736,amzn
284.5764166100848,amzn
285.9929051256968,amzn
183.2407520712998,amzn
342.578564712054,amzn
220.0202894136666,amzn
157.6088948719302,amzn
352.99139182311035,amzn
238.60513578122507,amzn
119.01790235845304,amzn
160.2763225795107,amzn
162.97532851928486,amzn
138.58180057468016,amzn
76.04694311738334,amzn
72.22503681311731,amzn
93.32170857270452,amzn
132.6087546924841,amzn
122.31767976336242,amzn
361.75638800644106,amzn
254.91256936735667,amzn
156.27434584274107,amzn
252.26107098037582,amzn
315.65603043475346,amzn
163.72978448811196,amzn
106.0574846069538,amzn
169.21966697081254,amzn
143.4256674376713,amzn
142.47946063726042,amzn
207.67822760653868,amzn
425.31312723922736,amzn
253.42875337686021,amzn
124.32853734011407,amzn
140.89107176955082,amzn
149.15422729312752,amzn
172.89723650324373,amzn
236.931991698046,amzn
183.76518098035626,amzn
173.0161777986322,amzn
144.53136212020664,amzn
194.7090260113358,amzn
115.77979994189614,amzn
193.05350829359068,amzn
177.87401269708045,amzn
262.69708850740494,amzn
582.6875069345331,amzn
318.0907649860042,amzn
146.9649180572208,amzn
150.64513847382273,amzn
118.238719285958,amzn
157.70940256363588,amzn
122.22365959737019,amzn
225.63075198805572,amzn
242.2695832710501,amzn
196.43391390874635,amzn
131.01205032693383,amzn
187.62587838866264,amzn
143.36124723462146,amzn
143.89390225285925,amzn
241.21666815579417,amzn
110.75627201607539,amzn
149.05203441005798,amzn
218.79987530905734,amzn
200.56594151762442,amzn
133.61063817873733,amzn
87.15928528614619,amzn
312.4859229752266,amzn
157.633283589137,googl
136.45604432208054,googl
165.26114429483638,googl
140.4482056859991,googl
104.78980341692024,googl
111.84475070603612,googl
184.91712516824882,googl
169.51870983031048,googl
112.91216875670673,googl
208.9753523024276,googl
133.66463996972783,googl
133.35470688665276,googl
203.48041813963383,googl
103.22884578302461,googl
220.02323239249517,googl
166.67683361633752,googl
299.2142015309363,googl
166.19673775819672,googl
94.11359066035381,googl
185.28699011789843,googl
73.78839489552995,googl
139.43481777824024,googl
132.53575948312988,googl
103.48206371255633,googl
126.78600410039053,googl
134.4180521327019,googl
145.443048426153,googl
111.94536230000519,googl
125.99248082556295,googl
198.6883949617051,googl
121.6618964552567,googl
113.18501286070254,googl
161.7141121634144,googl
127.0507164647669,googl
98.75470688193893,googl
172.48627251597142,googl
144.83441396569773,googl
197.40184534643342,googl
97.19074404063157,googl
131.30009005631862,googl
170.7653341472314,googl
110.5223597369664,googl
135.33298208600823,googl
203.36767399365473,googl
101.98477525961391,googl
107.16564725154855,googl
158.61447889489025,googl
140.46358519148518,googl
134.89546719092584,googl
80.3325030319263,googl
143.3533678042468,googl
221.06209750370212,googl
93.76803718602405,googl
117.16895588925244,googl
141.05867432425916,googl
120.53897074707398,googl
113.43859025871991,googl
202.09891031240838,googl
253.85217627962695,googl
210.52339950969846,googl
152.76539105136592,googl
241.10600391553874,googl
46.90528169364513,googl
104.44748811324575,googl
118.32741610875182,googl
78.1338469316066,googl
204.0714524333636,googl
113.96055097416165,googl
139.7601146911609,googl
184.41256674347878,googl
126.91307834824606,googl
133.32438794083538,googl
117.20835664341003,googl
163.16169592552242,googl
120.10833054866164,googl
190.64890053133013,googl
125.07163055242678,googl
130.04853708141607,googl
120.14254205800962,googl
110.41840904168772,googl
142.24802575114595,googl
91.82499960239033,googl
219.15142087710024,googl
117.97326855213187,googl
107.85073315877956,googl
149.20606362151344,googl
89.93207272828698,googl
245.00241901451278,googl
67.81296081510352,googl
128.8461419416065,googl
131.23093992909344,googl
153.7407610191851,googl
183.81067089177796,googl
108.30571476983148,googl
143.7741078421081,googl
129.27585221467112,googl
329.9201576254318,googl
136.3317761223455,googl
170.16440296838934,googl
149.31402952090806,googl
179.71393441669164,googl
169.11653125179706,googl
144.0449290994197,googl
148.81686875493594,googl
95.95883129992569,googl
124.89857079007565,googl
76.87744666326354,googl
131.29401895408458,googl
273.9270754875967,googl
85.37511535604283,googl
97.26510942059886,googl
85.56382803265383,googl
152.22391442554184,googl
263.48633753876896,googl
158.12905859254053,googl
140.86059725651768,googl
275.4585519178303,googl
105.68070977460333,googl
94.09550563781161,googl
90.83210334522903,googl
86.19250388376217,googl
113.91232455706205,googl
243.92791549348968,googl
61.505783031936964,googl
78.96687319364175,googl
175.63057572084554,googl
115.36514759378028,googl
172.42935018914687,googl
195.42073820675304,googl
125.58141616753018,googl
126.98204686348852,googl
146.7947758283656,googl
63.70165565317004,googl
162.0198189953115,googl
146.28619631581446,googl
147.55556401906313,googl
169.0485516357686,googl
126.44089135565915,googl
191.51946850726927,googl
222.67463754784973,googl
182.60814064185982,googl
189.01448245408147,googl
178.90174185280057,googl
112.51608339978243,googl
155.38562562736763,googl
167.7181609495854,googl
124.22363549701215,googl
151.76098449389517,googl
70.35615660833837,googl
190.1538411688207,googl
202.33459990006926,googl
175.2844552381125,googl
135.15457037435473,googl
184.732588878531,googl
160.85845573664417,googl
52.39196286087971,googl
136.21482702096444,googl
107.38791695807647,googl
204.23981438264866,googl
133.1628666356567,googl
138.5414714082328,googl
152.1200117152561,googl
267.54897592354826,googl
163.54929018798248,googl
133.1526715314148,googl
135.6370313764032,googl
101.54624451839936,googl
193.0791558858597,googl
156.71588213767598,googl
134.04900608320867,googl
154.15641371245866,googl
119.84980418236007,googl
149.1823625544916,googl
110.09348144798768,googl
90.77059374264178,googl
99.91976031403598,googl
148.74935752217618,googl
120.533012763152,googl
151.4992554188763,googl
106.68860234763973,googl
116.70547129285133,googl
124.41982618711955,googl
210.19833076322183,googl
113.712781108472,googl
113.63332047841998,googl
126.27006304757843,googl
65.90292093787077,googl
323.40738782176385,googl
210.95906868705484,googl
178.95872064039418,googl
150.2692507715963,googl
112.92304353657757,googl
162.73003197957362,googl
157.04398431994557,googl
90.09857404633732,googl
88.76507137179983,googl
155.13507762981314,googl
167.80018972171086,googl
179.8000416470248,googl
70.49088692305668,googl
78.01136777103702,googl
121.66668328235806,googl
140.54908588642874,googl
333.86007587107474,googl
174.83220815201193,googl
159.7116547779912,googl
125.21733395227604,googl
166.10721247463235,googl
99.0717528120197,googl
113.71119127518722,googl
151.3418504967246,googl
171.37549341622918,googl
172.06654195150605,googl
210.0453756079531,googl
105.8342885988635,googl
142.75463193146763,googl
272.6999681394978,googl
160.92814174671003,googl
94.56812973866204,googl
122.27850393854726,googl
97.13997734062467,googl
58.93826909242906,googl
138.48916371564903,googl
222.82787225008494,googl
121.57163722445645,googl
172.70902585898847,googl
108.33612466393295,googl
91.19440940455323,googl
110.38866518307879,googl
82.28777358713309,googl
184.32240612610624,googl
77.79023925821573,googl
96.00865170887974,googl
85.96656987607516,googl
71.50502460061962,googl
126.99296116941822,googl
256.77410594826875,googl
121.33195652880454,googl
147.0266289193832,googl
96.54418673313052,googl
135.48242683505913,googl
130.20767354477266,googl
105.90001211335725,googl
234.85400862887545,googl
86.38094874985093,googl
154.2232667662622,googl
76.97866872462595,googl
120.76398455048071,googl
122.01110267572908,googl
208.62998430589093,googl
546.5392682110343,msft
630.6390511545187,msft
473.92187382821544,msft
378.2666409241895,msft
531.2636359174162,msft
511.7874817816973,msft
296.07952032436754,msft
495.2920389629859,msft
386.68094687963975,msft
346.9146024050388,msft
393.2621793319427,msft
357.30982762587485,msft
431.2842455967679,msft
474.57590714018795,msft
570.3888835816969,msft
341.3410195681122,msft
515.8374066320875,msft
403.0577645345208,msft
341.55118601788683,msft
499.6487722568739,msft
377.2151888412683,msft
258.3033852592902,msft
175.86085225433038,msft
650.8246502503598,msft
593.7926714897325,msft
638.8048059302675,msft
515.6074308018481,msft
390.92189140436363,msft
618.653616954318,msft
494.5764087300906,msft
698.8905209362127,msft
334.5250024652477,msft
404.95186884754634,msft
567.8953652631517,msft
399.85261296946663,msft
341.8188548091227,msft
488.63590597311475,msft
281.16145185424995,msft
400.0321202139868,msft
398.7893335953809,msft
530.3674808268917,msft
389.49989209518145,msft
426.980325957933,msft
310.34924686106956,msft
382.0758224618273,msft
742.5670594134037,msft
593.9556923395942,msft
467.1865909273527,msft
384.88294030780014,msft
661.6818853186574,msft
445.48219897602405,msft
426.5729937748977,msft
376.62555976050794,msft
416.66769163235926,msft
652.3564709891313,msft
308.476677509399,msft
423.48076971288475,msft
382.6989669568833,msft
327.9867664021747,msft
424.2089414168247,msft
326.8093426568114,msft
305.9409884743912,msft
353.08527275886166,msft
535.1525170517042,msft
634.7251933322302,msft
392.66330594986266,msft
584.033584746516,msft
584.3498035197529,msft
420.05731389020804,msft
468.5217673003972,msft
595.7792717487935,msft
282.3762381605317,msft
457.6193738000659,msft
368.9912285590723,msft
383.6644842305352,msft
443.1383447046684,msft
231.44227612375502,msft
474.51389801635196,msft
443.0264658322064,msft
499.1110262927755,msft
589.657104824622,msft
360.87511968099756,msft
492.69305921596924,msft
355.92188053275964,msft
386.67654161222055,msft
564.6369239292594,msft
506.27411494680564,msft
512.0874145554644,msft
290.5616996919026,msft
465.0589595337805,msft
464.93281836051074,msft
426.34528859326844,msft
401.3074208143016,msft
225.04369600984847,msft
458.56808337194303,msft
337.5274688788089,msft
448.5723684844497,msft
334.2594610876825,msft
392.42203861013036,msft
485.38854448086875,msft
528.2514476514942,msft
469.6050263265814,msft
539.5541816613958,msft
557.2215824463038,msft
341.1119935639797,msft
513.0771661325189,msft
517.6543285503244,msft
316.2540057110931,msft
443.0646716136874,msft
267.3585011826242,msft
459.9744861275436,msft
382.3985357372774,msft
430.02572505716535,msft
481.1695848256795,msft
619.7427490837804,msft
347.36257259247003,msft
789.6182063958103,msft
396.1057069692012,msft
317.66414893689245,msft
415.89102671428014,msft
300.89257277883274,msft
459.31698679637,msft
302.5086173479751,msft
328.53326231069315,msft
627.8078086666611,msft
447.09784076776674,msft
315.85757187441095,msft
493.42576090749895,msft
496.3395938303163,msft
493.16240127902944,msft
254.76408291540076,msft
696.5731425988929,msft
460.53932590955776,msft
320.3243943246812,msft
354.1841578762565,msft
322.83526953971233,msft
458.25208189379254,msft
372.891939218335,msft
369.84276947170275,msft
483.6197088991455,msft
354.82847092285925,msft
444.13513127608974,msft
520.0811060346502,msft
427.0295375278166,msft
288.71766258291456,msft
317.1465430010766,msft
261.8017574643701,msft
410.9006590092619,msft
488.0266084317916,msft
619.938354659164,msft
423.9652864308746,msft
481.0387795139632,msft
546.995815952212,msft
324.28970011761083,msft
492.9935358648789,msft
747.9683911290293,msft
341.0082257289382,msft
390.44917466144494,msft
309.2995893359593,msft
451.33540959701236,msft
310.7506772538785,msft
382.3305751031387,msft
359.98566707707664,msft
594.1742209291683,msft
333.26756890477355,msft
480.7494361947128,msft
310.11723482073114,msft
494.97740164133535,msft
574.7368937780635,msft
447.5645347267107,msft
335.6832787598931,msft
346.45167005205246,msft
454.1805452492769,msft
279.3594934081999,msft
465.52025355863043,msft
395.2625798726987,msft
327.34800488213443,msft
539.2426721197743,msft
309.7832504926881,msft
544.5879960589712,msft
320.3318634872457,msft
377.2041671444587,msft
398.50688135770815,msft
370.4591628045184,msft
345.5125493910599,msft
405.5364533121805,msft
437.0311073281356,msft
541.379368382733,msft
222.17492439649968,msft
461.33929283744044,msft
277.9081644994933,msft
470.76405352715364,msft
754.1411654581057,msft
462.3774669251028,msft
297.0778747066546,msft
405.2198239547108,msft
316.62220323898634,msft
571.2748852291421,msft
257.1051547112943,msft
365.685219848873,msft
292.980107937316,msft
346.0011926500459,msft
428.7409884011359,msft
334.72064775556987,msft
514.7658669873676,msft
357.05212063816504,msft
412.39935595199466,msft
413.01234610315225,msft
670.3894308769447,msft
367.57314018674447,msft
400.8526301211614,msft
636.2495334513279,msft
414.2156850581173,msft
227.08771858566496,msft
417.56078200930256,msft
350.61114284247867,msft
392.00503946528084,msft
383.84421626777726,msft
462.1222133250952,msft
437.1246777068575,msft
347.40604626002226,msft
418.8907535563806,msft
521.943952386604,msft
248.1329350613953,msft
650.8111482805907,msft
306.77300107219327,msft
517.0281828947543,msft
433.17161622829764,msft
634.7740376158266,msft
384.8257103414595,msft
413.7527135802692,msft
560.4866917594486,msft
321.20760910403317,msft
382.1812056705174,msft
356.9699847094081,msft
460.8803681658271,msft
318.81833333923345,msft
414.7515205070648,msft
385.292872569858,msft
388.8397664297387,msft
448.7227109609722,msft
442.37937002295786,msft
443.3822214555758,msft
472.22345400753255,msft
373.42622437151533,msft
341.1860072543203,msft
350.19118484631474,msft
345.49119481076076,msft
410.6227225391261,msft
330.5899520580961,msft
128.09033160260435,aapl
129.63646764563282,aapl
317.12632558137716,aapl
137.40780297881025,aapl
163.1308327182775,aapl
166.2015771144303,aapl
157.72912615560531,aapl
144.74567198122952,aapl
196.2062668191864,aapl
200.7213165673471,aapl
279.11813874687795,aapl
169.90035849856378,aapl
155.69127799382915,aapl
236.8867521994441,aapl
219.97976632562452,aapl
137.31634104985247,aapl
222.36736464576094,aapl
274.6732712346592,aapl
140.6132023510843,aapl
182.88571202203286,aapl
247.44282009233984,aapl
130.4769970687969,aapl
255.5057462567146,aapl
155.1675373010343,aapl
189.93686896508376,aapl
178.67643836707649,aapl
172.01759750571418,aapl
76.67216612912766,aapl
161.44156032073738,aapl
137.4126736516537,aapl
113.56925589681828,aapl
140.7543801636177,aapl
238.26019884719295,aapl
207.41303593381753,aapl
209.47157553162586,aapl
161.74806479228886,aapl
211.164575839762,aapl
328.75619692809187,aapl
138.37024692295262,aapl
208.79638406776724,aapl
256.1266440780568,aapl
210.78084348377553,aapl
143.81485066402408,aapl
206.95747520855423,aapl
341.24277337522864,aapl
153.39269088859453,aapl
170.97101738898027,aapl
140.59021164677344,aapl
124.53574821214399,aapl
198.94508665758525,aapl
285.48254111637783,aapl
149.7355802916266,aapl
161.5448074860552,aapl
189.72192221882756,aapl
144.73370857004147,aapl
200.25103366960946,aapl
178.98938602700426,aapl
268.1314585959312,aapl
250.5512275240003,aapl
183.378462873878,aapl
150.23845475014278,aapl
127.81866805417137,aapl
200.28393951363822,aapl
187.71067157244784,aapl
156.717998599817,aapl
262.44203805443186,aapl
107.26516845999868,aapl
123.62434570964388,aapl
194.5519782751162,aapl
129.33292569712873,aapl
259.70014410886677,aapl
129.85377667066118,aapl
182.7692945879106,aapl
154.41269837266373,aapl
360.30530908361885,aapl
208.38701583301466,aapl
212.61462780016984,aapl
228.72856232114563,aapl
140.7067408537596,aapl
194.84831285606293,aapl
287.1591139014612,aapl
225.637862509978,aapl
159.4349858086557,aapl
183.55584548011112,aapl
155.7744518326888,aapl
167.73846637377488,aapl
207.61703345514158,aapl
233.5428462447787,aapl
288.5782441050614,aapl
177.9073001991029,aapl
117.94466522922606,aapl
158.68518850916922,aapl
193.8904035005236,aapl
92.31805076880848,aapl
219.13544360501726,aapl
137.47047554809973,aapl
177.29844209669145,aapl
190.11676530916878,aapl
152.91315388212914,aapl
239.22699423742455,aapl
122.15023452567394,aapl
231.1299399552336,aapl
235.04932621783055,aapl
145.66806332899432,aapl
200.68766514447634,aapl
134.10130669839066,aapl
297.29439669387955,aapl
344.8201966375606,aapl
217.17319575081612,aapl
154.35831875749204,aapl
305.38420697872715,aapl
191.9716609923881,aapl
154.8891372469187,aapl
369.4842181491535,aapl
284.66325066596454,aapl
107.90908730679527,aapl
193.08205490248764,aapl
130.44639679080606,aapl
186.98378666997976,aapl
227.0108503715046,aapl
312.2249922856488,aapl
168.28387352429277,aapl
145.55790000022142,aapl
193.79311085783013,aapl
185.41492226225296,aapl
281.38502296759185,aapl
257.88342443375103,aapl
120.04005329365516,aapl
152.54941450302923,aapl
221.12275608954965,aapl
178.47585652059954,aapl
241.15712938326035,aapl
174.65509548301316,aapl
199.38961508907556,aapl
207.98058414922022,aapl
167.521365284687,aapl
156.1208748793741,aapl
140.4375062920944,aapl
220.29135049033218,aapl
166.73237388445466,aapl
187.31054309511637,aapl
142.45000290630813,aapl
196.0167078372763,aapl
98.88173250612608,aapl
159.2448455421083,aapl
153.90256750752172,aapl
223.72904260119853,aapl
160.03075716809974,aapl
223.2451039803457,aapl
260.6739025211984,aapl
275.3546673273361,aapl
167.16755753103905,aapl
132.75342264139542,aapl
217.10389946917246,aapl
158.70567954684083,aapl
124.0850706951201,aapl
235.14927762164356,aapl
172.33744949171424,aapl
195.74953966579685,aapl
184.86622604702995,aapl
203.16599794694326,aapl
157.94092587521885,aapl
157.65538186593787,aapl
207.4658280577726,aapl
110.42740539802108,aapl
160.75821932626783,aapl
160.19783850339647,aapl
154.5004310129909,aapl
92.67593348852085,aapl
209.79869781378022,aapl
170.22886282648957,aapl
295.1097634227912,aapl
127.67355593536493,aapl
141.59029699622985,aapl
116.8005447399455,aapl
220.94851732369654,aapl
104.8088013811709,aapl
136.54744331156894,aapl
280.93108287166376,aapl
151.2034971886291,aapl
243.54446534077866,aapl
213.86410809517304,aapl
277.4073779248086,aapl
275.0260471103281,aapl
177.6359544556372,aapl
64.80186709166725,aapl
240.1330299335578,aapl
127.87055324801861,aapl
222.6737856308134,aapl
90.64542969080472,aapl
191.23412450715279,aapl
162.45264588704583,aapl
124.74899244554483,aapl
273.7830567444781,aapl
278.16943829545,aapl
159.93142458631522,aapl
143.44030233286512,aapl
147.3138426694475,aapl
153.65101575596535,aapl
175.22202842269223,aapl
104.90222913684491,aapl
183.39961486387085,aapl
244.67202774898803,aapl
201.8464449842106,aapl
217.58802961866903,aapl
181.35349099680806,aapl
160.32604361604723,aapl
200.4678206881746,aapl
234.9797228093015,aapl
118.31874672356084,aapl
448.8769270493287,aapl
184.44035603745345,aapl
278.57312144363954,aapl
192.5347075803701,aapl
156.3921878782267,aapl
138.85596020399316,aapl
98.96843103472044,aapl
223.4429907470147,aapl
199.47111512477403,aapl
179.82060972133704,aapl
207.6837670341088,aapl
174.14099436911874,aapl
173.57181653068176,aapl
156.78218186815874,aapl
158.5823782082881,aapl
221.35808283130248,aapl
160.91469894648313,aapl
140.86351961905044,aapl
171.46906509512326,aapl
156.4397162744552,aapl
158.0326925951743,aapl
150.63124699883105,aapl
112.60983220459063,aapl
326.7564940925748,aapl
210.83497305020603,aapl
142.60676010575165,aapl
185.7914675833939,aapl
113.64389804269484,aapl
121.57616218342648,aapl
230.14563706746753,aapl
79.35236636003724,aapl
188.00172675146922,aapl
204.90485715859916,aapl
123.27801866283323,aapl
391.7892942749968,aapl
162.6367668952335,aapl
284.5724930271804,aapl
170.925824464685,aapl
282.9732102322569,aapl
145.25277692877611,aapl
107.30708006740045,amzn
169.43586493400005,amzn
186.70848682075308,amzn
211.0384880905689,amzn
311.82227218531364,amzn
101.6983089470708,amzn
126.52536925367454,amzn
219.0019632203017,amzn
162.38108178766066,amzn
142.4318401700866,amzn
205.12561046019908,amzn
403.82886182399704,amzn
216.5168959808485,amzn
108.5880092091254,amzn
218.8169195135375,amzn
195.2022802291317,amzn
157.4151384251117,amzn
64.23297967813717,amzn
130.20574844180288,amzn
88.91611037802186,amzn
116.15661757115723,amzn
215.69815907105627,amzn
143.26345198954778,amzn
61.979612681711345,amzn
423.4065803383801,amzn
277.2698018953575,amzn
169.9681879892471,amzn
295.73727616683544,amzn
148.82224428193032,amzn
170.00557895755946,amzn
386.7321254771754,amzn
119.0890981761994,amzn
201.7760335919973,amzn
228.88600182000593,amzn
161.23441378433907,amzn
276.0408421947992,amzn
134.3206514866698,amzn
160.64596018723117,amzn
89.53435597927599,amzn
168.07074428309127,amzn
178.84881851218134,amzn
175.35649302347616,amzn
208.446756784099,amzn
154.3704069883863,amzn
138.0550275135548,amzn
179.87526011817246,amzn
141.82731103869608,amzn
180.31786814087496,amzn
126.76088433719364,amzn
139.6463406160186,amzn
139.74042599695449,amzn
188.80314771892333,amzn
324.85775612038975,amzn
125.92734981214264,amzn
257.6931606541631,amzn
99.4420876202307,amzn
105.97002924351543,amzn
359.84756354120987,amzn
180.12167824311103,amzn
170.70949179795966,amzn
124.91093996288403,amzn
142.21861706709657,amzn
160.7596354751393,amzn
165.83716004398576,amzn
187.33539600595728,amzn
146.05783961223105,amzn
136.2803454571161,amzn
175.29330239332396,amzn
227.8948706522677,amzn
326.14888215122454,amzn
202.23387541809745,amzn
175.50581588256813,amzn
117.4272731853742,amzn
167.3778584739308,amzn
131.36687561295224,amzn
118.23969061919948,amzn
201.93027132400076,amzn
272.26444646160655,amzn
297.1843235624682,amzn
108.69760677497442,amzn
139.65263486193774,amzn
85.4817002749367,amzn
109.328550975675,amzn
119.3659736166411,amzn
111.88029521157164,amzn
419.18979757161907,amzn
127.7675573781574,amzn
166.99660815284773,amzn
204.2564209658363,amzn
322.3336328224039,amzn
234.9657125219414,amzn
173.49504320491656,amzn
277.00827222181005,amzn
128.83820384996034,amzn
132.01545199499307,amzn
205.17644496860763,amzn
377.8144121038422,amzn
233.27715195994807,amzn
291.1424332862936,amzn
59.3652238175397,amzn
227.1835012952315,amzn
110.16978694331736,amzn
231.3141630346256,amzn
192.99528242190394,amzn
126.76890966182346,amzn
369.3451281387622,amzn
175.86312095983817,amzn
214.64023355307953,amzn
175.5842044468039,amzn
224.97462262492456,amzn
199.45302187282255,amzn
289.43146098884426,amzn
137.96397417191804,amzn
196.9272678950974,amzn
102.76885998791421,amzn
139.26902771927755,amzn
214.73919544192145,amzn
149.0406609551186,amzn
261.5787750375838,amzn
148.68064170411805,amzn
76.27439189704009,amzn
101.40580313337631,amzn
187.16362891179287,amzn
365.8388829792009,amzn
313.2843421597052,amzn
317.50116578440293,amzn
231.67447534669358,amzn
80.82318828005344,amzn
132.50124646311087,amzn
188.90322511158928,amzn
205.64903570372041,amzn
201.87572009762746,amzn
186.89738805548973,amzn
95.90105943435923,amzn
91.0836045532117,amzn
190.67504793453466,amzn
194.9266859609381,amzn
212.72493746374587,amzn
106.81038396368406,amzn
172.30217737310664,amzn
213.7816164082756,amzn
130.82129226774617,amzn
170.8055643142117,amzn
113.69883723650806,amzn
208.58785533529286,amzn
176.71207731476196,amzn
104.54524497426881,amzn
83.73537600250478,amzn
177.49070781302075,amzn
199.3661977554914,amzn
263.62598806804186,amzn
97.68806811307633,amzn
143.35429729862776,amzn
218.08788961890122,amzn
179.9317186444012,amzn
52.02255545259506,amzn
153.08305137545017,amzn
156.17114443709275,amzn
145.21040832343155,amzn
99.69234311834352,amzn
168.79225802207085,amzn
125.28833692503015,amzn
138.10727205523878,amzn
91.89463117400385,amzn
154.4083015457436,amzn
182.14948996236993,amzn
580.8606269661353,amzn
192.58279605085008,amzn
192.9970683328839,amzn
153.1080093409818,amzn
196.84790347366257,amzn
277.2449360219752,amzn
199.19408827439972,amzn
174.2371131299562,amzn
228.1855306967278,amzn
180.76593877388513,amzn
119.83273359920825,amzn
138.3438231533858,amzn
156.44364944010223,amzn
192.3829311066033,amzn
306.6546186650699,amzn
140.83594728870054,amzn
474.8549754792929,amzn
157.93278807565207,amzn
215.38183493133343,amzn
185.71478653008484,amzn
102.0257331937712,amzn
62.238643166327044,amzn
249.8751494908246,amzn
201.86785773455765,amzn
98.41217241476127,amzn
186.89967281566436,amzn
156.7571667204362,amzn
202.8654621108747,amzn
174.19545727942796,amzn
146.86866296496893,amzn
205.96298521485542,amzn
222.88815477710116,amzn
87.40216367116987,amzn
91.09773785573707,amzn
262.08295327016765,amzn
150.15409441283575,amzn
144.241468861902,amzn
267.69770618445943,amzn
234.85890451282611,amzn
192.63244930795761,amzn
171.4173030874976,amzn
363.7324072455998,amzn
54.460669393234134,amzn
408.45292835031773,amzn
170.58851667104298,amzn
549.2467955354459,amzn
134.57837143110208,amzn
145.249770500427,amzn
79.01230175070668,amzn
135.6838939639788,amzn
83.91438177175337,amzn
177.8827085198692,amzn
67.70818984509606,amzn
111.91300091147076,amzn
81.91075816401198,amzn
336.5126976770062,amzn
203.91030220498646,amzn
109.74337905876187,amzn
130.98308132898129,amzn
90.36978825500175,amzn
264.27599253219745,amzn
232.68329072494578,amzn
123.82068762604479,amzn
148.05425580384932,amzn
200.99311095738253,amzn
125.63001725583116,amzn
215.4238492973655,amzn
255.56302990236972,amzn
166.7934322767515,amzn
206.86696615146664,amzn
137.40212309288228,amzn
136.7069779247573,amzn
207.88222404942428,amzn
210.51499866192154,amzn
203.86596752628301,amzn
139.09715420777962,amzn
205.4862859522972,amzn
397.0927481797591,amzn
142.30524089954943,amzn
369.7737800374748,amzn
190.24846332107848,amzn
302.7857094045219,amzn
150.6155745561287,amzn
218.12028785790582,amzn
173.3228088727076,googl
77.44898435017177,googl
133.96140935726714,googl
123.36046443021351,googl
125.50455370600007,googl
180.5281575259375,googl
260.9694068149724,googl
81.50999908532363,googl
118.93301580901512,googl
92.59979622641481,googl
133.01582635364258,googl
81.06083487887254,googl
178.12512594975303,googl
80.08878853398532,googl
125.9129826950368,googl
112.95449631993391,googl
261.5098189629036,googl
160.6615804719167,googl
199.95156196584702,googl
160.91869887624856,googl
154.4618992254644,googl
163.26871490488026,googl
153.53457915650858,googl
83.03241100274123,googl
140.3551384572444,googl
124.90200216773194,googl
130.72670594930355,googl
98.52251594308092,googl
246.35916116005376,googl
152.00684756172842,googl
165.1807793837679,googl
118.67454480412889,googl
230.13401541209345,googl
118.36030587940826,googl
104.9929969728584,googl
97.67338938621484,googl
152.44886209623505,googl
161.88533479481424,googl
127.6343133847136,googl
120.99245422672578,googl
143.76710412804755,googl
127.2961068258987,googl
371.0900113693065,googl
244.042617357629,googl
169.27865601781042,googl
156.61683984276465,googl
134.92132604117174,googl
137.7425242443153,googl
171.5981478823625,googl
177.18973893700888,googl
183.18129301490882,googl
114.95342372961926,googl
147.75296778370986,googl
364.6103599050403,googl
92.85489336284962,googl
138.82181796557254,googl
129.08209290084542,googl
78.35753132952858,googl
137.9390387191493,googl
188.2097445507034,googl
113.33528031155103,googl
96.08758119923722,googl
167.64751529675635,googl
123.95445655410948,googl
117.75696650201807,googl
135.47529338212763,googl
228.5519743487666,googl
176.78768613915415,googl
172.5025298222956,googl
206.93890188003064,googl
119.06965494611362,googl
90.58053125492381,googl
154.2295988227259,googl
114.6533282416807,googl
256.1554401537876,googl
120.9789093118654,googl
146.33333028375515,googl
94.11815307402715,googl
120.53554696663707,googl
152.12037421374666,googl
117.86864418037955,googl
154.58589575990698,googl
118.86353588236912,googl
167.5924794383686,googl
163.9762297641448,googl
138.9566596276148,googl
116.61710054703418,googl
120.4636786597396,googl
97.24492325824257,googl
227.6006648287411,googl
137.80483945639472,googl
213.86634403701225,googl
144.28693517800903,googl
143.20871359604348,googl
167.4700500433356,googl
139.81199918142372,googl
201.47921293555768,googl
170.98259002176817,googl
68.55262567135344,googl
129.26565251250048,googl
78.19267404846693,googl
131.82145852281118,googl
120.19911733727251,googl
259.8922557121742,googl
176.6473457349457,googl
160.1729804984818,googl
111.32031866413877,googl
263.3089323923401,googl
135.65379894045589,googl
214.74271850093874,googl
219.40621887790954,googl
154.2915972012756,googl
197.31088324762993,googl
144.01594350810885,googl
167.32037206774365,googl
132.85757502646516,googl
137.10468923895849,googl
202.03239443937255,googl
206.13927818983885,googl
112.51197881712405,googl
186.7947042787462,googl
159.67093069573878,googl
104.28320128581527,googl
79.50139792555044,googl
121.79135644964572,googl
91.54632848438735,googl
105.60266200224059,googl
123.20702531206254,googl
148.1991650998256,googl
163.87976232798098,googl
182.4266633055913,googl
177.75305161148535,googl
186.7736620688994,googl
156.52533048223526,googl
116.16874864422742,googl
173.07100356831882,googl
242.16309055358397,googl
202.64855430507544,googl
163.85861625404587,googl
96.38746081218625,googl
182.40235726501032,googl
69.24006916527279,googl
105.59276659458291,googl
119.43022968422066,googl
171.109371264252,googl
183.32553931282163,googl
103.83053154761723,googl
141.61107692278125,googl
73.86873995779794,googl
223.497587066135,googl
138.71044084401547,googl
125.84390240318434,googl
202.82931991284076,googl
102.83166864299598,googl
270.9966620077641,googl
126.57811298002787,googl
113.82849228674459,googl
85.1541912840665,googl
70.86043217403972,googl
137.82782830245242,googl
120.87006352500981,googl
190.8152373741013,googl
139.8590250556193,googl
107.58435526411466,googl
152.71951978971848,googl
195.35653480662484,googl
180.4698670012702,googl
158.27468766774487,googl
119.18035338623856,googl
122.76794431484478,googl
252.5999219137627,googl
164.53209474898964,googl
93.60287023174094,googl
99.33310076967456,googl
156.9534489063397,googl
196.3954932729379,googl
170.77357984422858,googl
308.6609630118649,googl
96.00238262123128,googl
206.3408835875621,googl
125.03104132103678,googl
201.97901755357077,googl
206.75469745836094,googl
169.49967448617184,googl
113.16316602734607,googl
219.87141189425887,googl
177.5308493564794,googl
104.31346179918768,googl
126.52838257230628,googl
114.4073466173315,googl
120.18227440787675,googl
279.503960919634,googl
158.11068338722782,googl
141.8772360788887,googl
189.3552810904973,googl
114.56407420457205,googl
116.43676103396085,googl
148.11921329319586,googl
129.66005091181538,googl
189.18603733543682,googl
100.71501608091893,googl
111.64361609767877,googl
89.67163173259154,googl
175.16003747281832,googl
123.4869152122802,googl
171.62262120029044,googl
160.8946902342752,googl
121.15492749691931,googl
91.12777606624516,googl
63.421734535097855,googl
138.7224735724538,googl
165.46562613811156,googl
115.98047031336722,googl
164.1272717266179,googl
152.4859080627243,googl
97.3133042964416,googl
264.7088888437205,googl
132.59571649095187,googl
114.78797621687936,googl
194.4352121833651,googl
163.55675906292166,googl
160.04369709085162,googl
108.56530215209264,googl
304.1179003631145,googl
109.4425239472596,googl
89.14379388163796,googl
122.91269964401204,googl
73.96486700931169,googl
116.76452769790461,googl
243.04712250070088,googl
93.51405813625375,googl
101.10033972112045,googl
161.40970503037715,googl
140.19729285748284,googl
140.21722776209458,googl
120.36663952771401,googl
173.27188064418405,googl
189.50946936716898,googl
154.2762017062377,googl
94.73727815452301,googl
172.99523360797747,googl
148.79968625247366,googl
115.92875074332363,googl
190.28090378280038,googl
120.43238297236829,googl
203.69621050355752,googl
229.6342760744076,googl
151.49807603084184,googl
112.91303893249257,googl
175.2038832872412,googl
330.35285216872336,msft
461.31974997171665,msft
250.15280067282174,msft
510.57986718580645,msft
536.1040703624498,msft
393.37418344428806,msft
299.05010437080745,msft
333.3077784095979,msft
233.84931975176698,msft
459.32553513106143,msft
332.8157245335596,msft
465.8043595661863,msft
426.41793928128277,msft
860.6174269210248,msft
373.237386421761,msft
273.59984371631583,msft
397.31172949933256,msft
323.6537656689387,msft
539.1453730493608,msft
601.5248894744586,msft
452.01041525811365,msft
359.2216657985512,msft
176.99017507592754,msft
324.3531355315499,msft
414.97983638930975,msft
570.828823529335,msft
452.89277177421593,msft
466.0261559646066,msft
368.8734613676274,msft
398.16372456932083,msft
472.999786866024,msft
364.18463849232427,msft
451.39437675022964,msft
398.1895433885668,msft
495.5128840663454,msft
350.9860980120317,msft
336.0885363963317,msft
310.42815382587946,msft
473.2821978658025,msft
393.5761518736642,msft
298.2999908582936,msft
524.0855799454945,msft
540.1984404148369,msft
441.0409956554964,msft
469.92388816192,msft
578.217840516141,msft
529.15677543996,msft
294.90457269218217,msft
449.28811688415607,msft
645.5869676297161,msft
363.1730974947617,msft
298.8902491178019,msft
392.4170777959269,msft
586.6833357396405,msft
341.8508240491417,msft
383.86884204921824,msft
407.6555789866877,msft
376.40094687080074,msft
483.90319026724273,msft
611.8735273451671,msft
514.2503643980182,msft
371.1253318219132,msft
475.0872665282808,msft
563.2602662560248,msft
394.4198064245694,msft
344.7434785733922,msft
419.1879063381782,msft
317.8712628924348,msft
586.4246421898011,msft
275.1946295340411,msft
455.90276816132496,msft
393.54513924011525,msft
406.1568687839142,msft
367.863213794549,msft
530.68719948761,msft
372.50729235838355,msft
481.27204284990216,msft
418.97961762303,msft
470.7467676159545,msft
284.1998957827783,msft
665.3068436431472,msft
569.9622176251839,msft
213.71110289412664,msft
348.17454308767987,msft
286.61022679711385,msft
502.16231479560645,msft
589.8260889244614,msft
606.1276530644056,msft
359.58746489231135,msft
474.42824055927986,msft
396.76154808950486,msft
366.35197661387565,msft
361.24535433756574,msft
431.8746149246686,msft
412.6723841916356,msft
289.23262437960676,msft
483.3934089576313,msft
414.9018481558298,msft
766.8207482957922,msft
399.00775928418096,msft
597.5206004568421,msft
516.5520140122564,msft
285.1831786703869,msft
412.706374402198,msft
454.6966507539259,msft
382.0587020412917,msft
419.2999629122809,msft
412.14935313543384,msft
402.2226153977186,msft
343.43551421724254,msft
479.402400745057,msft
450.26278014841535,msft
330.604966252865,msft
300.09523865683127,msft
366.4484273256872,msft
442.10274188599584,msft
885.8349250291558,msft
382.10299294760216,msft
474.69429798887325,msft
359.22245152796637,msft
393.183562390889,msft
353.94549629009606,msft
444.4991746333601,msft
365.4479626494319,msft
440.90363327964644,msft
577.4316009079525,msft
518.3994365614435,msft
324.13175904205485,msft
476.5451931634052,msft
273.1734277466187,msft
518.0306263762188,msft
321.4298655782262,msft
394.3217319903366,msft
405.8075420262227,msft
374.38205716266606,msft
396.16737740244446,msft
463.3500829903342,msft
439.7149169034405,msft
270.00274590598576,msft
494.86392364662,msft
417.9593520848158,msft
529.2051808837952,msft
456.21403851330734,msft
453.5257764064735,msft
593.7078717674959,msft
624.3601628103316,msft
418.53113408253796,msft
288.2125197236588,msft
479.90293712107166,msft
374.2599672664945,msft
241.6824902688967,msft
425.154235089124,msft
616.9718101920726,msft
537.7031731660419,msft
388.3079745778697,msft
461.2646043029503,msft
371.7558792926647,msft
546.5350671128325,msft
405.40993201335766,msft
512.4605015964804,msft
430.0771042533041,msft
659.0377433601622,msft
431.60450282627625,msft
416.30912631498046,msft
440.7263214898372,msft
355.28957910502186,msft
279.31471843800955,msft
499.6934210967264,msft
391.3121520830971,msft
495.90632901827234,msft
329.7233468284411,msft
511.67801178231434,msft
398.1370205479138,msft
387.8235728301885,msft
313.20223850147886,msft
331.0384012988473,msft
320.1115474543037,msft
452.5684583070888,msft
251.33777112928442,msft
409.9784747162152,msft
409.8758757260044,msft
290.4039065473238,msft
384.9776880340192,msft
242.13921282786538,msft
266.37697751136443,msft
353.2144490768657,msft
421.821244250491,msft
423.02322000246124,msft
548.3100974252403,msft
458.1571117923466,msft
603.1469557766245,msft
371.2924116605251,msft
473.440446179219,msft
274.3504564889965,msft
389.3156019862003,msft
403.74625952992966,msft
233.82067449696333,msft
249.34430551065694,msft
382.10758738184137,msft
310.51419573718175,msft
273.3658616268557,msft
641.6519585359455,msft
450.7405269146889,msft
605.4920156945121,msft
502.79277646335686,msft
434.51193702212163,msft
536.2439284537298,msft
244.88819854246552,msft
459.73142439255383,msft
284.8737040069032,msft
650.5663863894315,msft
606.9290029904511,msft
244.72845706013524,msft
466.30256789595876,msft
409.1218641655413,msft
283.97388330643463,msft
312.4047934122275,msft
360.798611029871,msft
331.01777949707946,msft
387.88239460152494,msft
678.5988369033655,msft
415.6456811409268,msft
439.2409306814912,msft
733.7557595771881,msft
437.76100041983005,msft
569.3929568063257,msft
323.82238617567134,msft
304.8408308441715,msft
370.4682006262354,msft
239.00240926757277,msft
326.7001364345093,msft
634.4980715401565,msft
458.42657291696065,msft
359.85272716496894,msft
429.2636707431553,msft
471.5408132331406,msft
325.0390021749295,msft
561.4394427300397,msft
621.7575768591254,msft
384.4070233146532,msft
446.17162042220707,msft
380.0655031881911,msft
430.8547029505361,msft
368.9496953210999,msft
422.67079906218765,msft
434.66154750539573,msft
370.26885865969496,msft
431.4199415567191,msft
323.69511499754964,msft
342.13636502478124,msft
100.36165477413917,aapl
166.15171492107032,aapl
110.99949507868165,aapl
192.76421388823627,aapl
280.5377938394317,aapl
167.34303193698992,aapl
213.67520509698147,aapl
284.7612871154712,aapl
182.5647990761925,aapl
151.2965627542637,aapl
174.23064030906562,aapl
165.88977540323035,aapl
305.2738037404788,aapl
167.3138476191803,aapl
96.29416170228217,aapl
207.54090093422087,aapl
110.11796489025377,aapl
142.00539533403685,aapl
210.75738142530432,aapl
203.4450903982918,aapl
195.595399366501,aapl
186.1649251811784,aapl
113.54924800420197,aapl
203.03113243033582,aapl
221.5346667378872,aapl
217.45872903798116,aapl
162.86685349710433,aapl
126.01024178286391,aapl
163.69142341795492,aapl
198.39321439050713,aapl
121.61702630647406,aapl
253.18072480424303,aapl
210.51244114493133,aapl
207.6252269770336,aapl
226.00823633339556,aapl
104.20199665109348,aapl
299.219640782899,aapl
157.15804653591758,aapl
161.96954235386016,aapl
299.0347679349422,aapl
152.6672048740909,aapl
154.76127832555264,aapl
237.4144163006442,aapl
218.20017169554686,aapl
195.41509270978995,aapl
257.1049506979628,aapl
219.57235842999373,aapl
227.80956016754553,aapl
235.77730477060365,aapl
240.96757987150605,aapl
148.66139953763263,aapl
325.3170582539525,aapl
248.6475217158733,aapl
291.100485026988,aapl
221.84552188021055,aapl
129.13659861030297,aapl
143.48576255129086,aapl
179.10905592437865,aapl
152.24300957281204,aapl
230.35768970099448,aapl
139.32005416660442,aapl
251.92411786184644,aapl
200.67118213810292,aapl
114.02060708810193,aapl
206.96867828639196,aapl
269.35523249860324,aapl
209.34051336444978,aapl
191.90247769747646,aapl
186.86865931442995,aapl
180.13718583156412,aapl
189.81201910094504,aapl
180.80044708303421,aapl
177.45977318864504,aapl
184.47261247504431,aapl
156.7919478588286,aapl
143.21140329607033,aapl
280.4039273369098,aapl
262.3653054106495,aapl
192.97112422780626,aapl
180.17419714740637,aapl
220.1972459008885,aapl
126.04376288550019,aapl
117.72112714421084,aapl
279.01583445856943,aapl
139.30776948929517,aapl
196.23793542729936,aapl
185.33507912598364,aapl
372.3517206800657,aapl
245.984420839201,aapl
159.82914064568914,aapl
174.90635840912523,aapl
161.11431307312105,aapl
191.67659162254844,aapl
176.6871780753942,aapl
167.73169895603888,aapl
193.7900103447339,aapl
361.35451527842787,aapl
198.00541555990281,aapl
136.85456458333513,aapl
200.01951620582045,aapl
270.251562186085,aapl
117.25190714928674,aapl
190.00422220307448,aapl
187.54326554541896,aapl
169.955155304217,aapl
136.67178673487223,aapl
165.2076082157042,aapl
177.2928958474779,aapl
170.2553008770091,aapl
169.35701283220246,aapl
355.78474542462243,aapl
196.71508026017685,aapl
137.1006121829012,aapl
248.44875996929355,aapl
222.08986324318954,aapl
197.1716721716203,aapl
378.56363798841045,aapl
177.61234617625988,aapl
143.6245158760158,aapl
187.2178554003649,aapl
212.19063606017198,aapl
207.17216398391096,aapl
158.40542111555698,aapl
213.00905533616358,aapl
224.37482341837145,aapl
195.91753996478946,aapl
134.4754705273882,aapl
158.01942371908663,aapl
154.1528279591791,aapl
232.0424607494588,aapl
208.87764481496652,aapl
213.39752359769432,aapl
202.47322932912385,aapl
196.20319289054362,aapl
232.1667769936539,aapl
195.24175433815327,aapl
198.16906380083435,aapl
123.30707200458578,aapl
156.56407647981837,aapl
131.8307270504868,aapl
207.34290413852796,aapl
158.03252209733284,aapl
146.29401644774714,aapl
389.1367034471126,aapl
175.7765390657733,aapl
343.06277742537475,aapl
260.56844103009837,aapl
120.51413731397281,aapl
178.96938637257864,aapl
125.29414304933826,aapl
159.40011747039313,aapl
232.20273948061737,aapl
127.69189194834306,aapl
159.63228223194704,aapl
350.15100161683216,aapl
206.28985266388352,aapl
256.7706857008326,aapl
191.96494523543245,aapl
266.0890691369711,aapl
102.4748171496788,aapl
261.99435586463375,aapl
168.37516568971915,aapl
155.49149258034666,aapl
164.1180996622431,aapl
102.75264914943625,aapl
162.99470933658634,aapl
144.67804476088344,aapl
184.79960974227802,aapl
185.05696122847814,aapl
96.43775037803826,aapl
206.59463961547186,aapl
145.5038490979851,aapl
149.06494158052044,aapl
175.05642556127864,aapl
191.34253167190113,aapl
227.71117736022683,aapl
166.0293481010068,aapl
134.50691925875665,aapl
93.82003186839273,aapl
118.32480045284976,aapl
195.6353519280755,aapl
188.77647817362586,aapl
159.34262955808228,aapl
224.16505150215542,aapl
162.6722491435411,aapl
180.70869338949137,aapl
202.41747666754324,aapl
125.28614243398924,aapl
174.25601081535984,aapl
196.18123672289016,aapl
198.90811532980544,aapl
160.8277872211868,aapl
158.07747813453435,aapl
181.0767157980752,aapl
143.92762363994981,aapl
295.9298879138201,aapl
291.40502243133596,aapl
277.18299414497034,aapl
182.1238385493628,aapl
192.61751735459674,aapl
341.9893084531374,aapl
244.7267209924354,aapl
242.95017753785567,aapl
180.22346913158015,aapl
130.1685732736907,aapl
169.82620448304664,aapl
133.92024693438887,aapl
169.1807783172807,aapl
292.76403368568424,aapl
191.2175386517736,aapl
238.17928687226959,aapl
162.06066800899816,aapl
169.48702917945155,aapl
134.17088887503616,aapl
220.12833730927335,aapl
310.8150615151413,aapl
232.39701354863396,aapl
164.22371403473986,aapl
175.02339848007148,aapl
244.95328781887557,aapl
348.944921403298,aapl
136.1178066625275,aapl
121.41638729078265,aapl
201.11456994788279,aapl
218.24235637782937,aapl
244.4942731347655,aapl
136.15191933414613,aapl
167.12395981877037,aapl
181.36278682749767,aapl
209.9292028593626,aapl
260.97862737248835,aapl
316.3829924862284,aapl
171.1808336905771,aapl
357.27786401635194,aapl
165.35424179877282,aapl
228.89355713988417,aapl
142.8392439120703,aapl
186.8200821616527,aapl
129.3529118265765,aapl
261.0081614362482,aapl
323.53410111421385,aapl
237.4895661095503,aapl
116.59072913797195,aapl
212.33137786580517,aapl
132.19553345920727,aapl
238.0417879159116,aapl
139.14026665620926,aapl
142.58761924106219,aapl
133.79493194538114,aapl
201.67258681202762,aapl
256.6399915430167,amzn
199.33474957798728,amzn
182.09523531959294,amzn
216.93639502761732,amzn
275.0749766908998,amzn
154.35842480476575,amzn
188.71081815008841,amzn
189.0941732254465,amzn
141.00064575539744,amzn
182.61821475780616,amzn
194.32793569095145,amzn
121.12936732443143,amzn
262.1293698572688,amzn
96.50551078318527,amzn
115.66739118736416,amzn
144.35061028654877,amzn
196.73718518914768,amzn
233.60383762877416,amzn
235.21927054551088,amzn
152.69365851966896,amzn
128.44571500965344,amzn
223.2374346694058,amzn
229.56686163550637,amzn
197.2432542876563,amzn
241.309884344333,amzn
158.99739435106588,amzn
328.2878305127569,amzn
162.97430915275433,amzn
163.53318548339126,amzn
196.13183205034895,amzn
278.28424717412867,amzn
126.07749434852786,amzn
69.6916517976309,amzn
295.562069342734,amzn
151.11231016192303,amzn
135.97158415497125,amzn
128.73631910378114,amzn
329.1617921698043,amzn
158.64320081686685,amzn
103.61211832090625,amzn
216.92089515211728,amzn
229.73623512286767,amzn
261.44925131883406,amzn
196.74536131460715,amzn
210.76566117771367,amzn
209.90820661608612,amzn
101.16878189792757,amzn
133.91921724869786,amzn
188.14493187827784,amzn
210.03962670639214,amzn
163.17589727754256,amzn
164.57545678643694,amzn
260.38768539152977,amzn
73.86875146123616,amzn
128.7003670322751,amzn
145.3991909206925,amzn
183.8252510661168,amzn
65.09762377202297,amzn
138.13644577638786,amzn
93.91522162880861,amzn
147.8551741738406,amzn
331.61563242113715,amzn
129.84079658964313,amzn
149.3291289520109,amzn
90.60456342594381,amzn
140.67720304140911,amzn
177.29327453276662,amzn
191.38450575720134,amzn
147.21308615330065,amzn
128.39707487354892,amzn
199.69027925086257,amzn
139.1702501585701,amzn
151.49648992390053,amzn
65.61612268363208,amzn
84.53628874606403,amzn
147.65032706377988,amzn
209.36202488226994,amzn
99.47483367226492,amzn
230.65686187451178,amzn
191.02293629885074,amzn
257.97288971213277,amzn
117.4844961471651,amzn
125.85845095935045,amzn
199.6402369340684,amzn
398.3148217202676,amzn
129.04087266650956,amzn
131.01422748575504,amzn
256.29649649982485,amzn
164.7093741521282,amzn
102.26284420869118,amzn
148.54097839377357,amzn
132.76440917097102,amzn
91.3507521075033,amzn
393.20570374323125,amzn
232.9520343243717,amzn
207.62323958539213,amzn
149.04508492164229,amzn
249.78292322045334,amzn
313.0231172910347,amzn
184.21034843767885,amzn
148.78510984988947,amzn
111.01652596247854,amzn
135.64913428459013,amzn
192.0588237051059,amzn
217.01992699550712,amzn
292.8920688308806,amzn
162.15151033155738,amzn
86.05372258041135,amzn
160.08822189122648,amzn
228.48754521191776,amzn
96.71265493233489,amzn
173.11659343547163,amzn
180.7524815934499,amzn
111.78782325507406,amzn
119.67881573528695,amzn
178.69581215139104,amzn
151.909613079617,amzn
263.30488377142945,amzn
115.95624399146057,amzn
122.15112547322242,amzn
146.07522533123293,amzn
365.9119810070632,amzn
191.04020479482747,amzn
162.16140903452825,amzn
160.87092763892875,amzn
468.7765723533183,amzn
130.37149619078184,amzn
128.80979958663804,amzn
193.7358091516717,amzn
275.9222352525733,amzn
155.53019340760318,amzn
184.85244417227167,amzn
188.08140531824844,amzn
201.50080911221932,amzn
316.2378656785508,amzn
240.37260998794153,amzn
115.9219763064977,amzn
185.98330167544785,amzn
125.42465841398092,amzn
203.3865585423971,amzn
143.3172504447702,amzn
235.2160557870503,amzn
147.91426646483498,amzn
216.45730236413544,amzn
99.51115881610897,amzn
281.58271077443106,amzn
200.48225317553937,amzn
207.8745647178583,amzn
126.80263440985162,amzn
145.73538650540485,amzn
142.06633326133945,amzn
145.24737346905067,amzn
206.90744196524594,amzn
207.65360421946622,amzn
181.77024876359457,amzn
96.9034310752707,amzn
167.012389290014,amzn
141.83527307876156,amzn
98.69881833025951,amzn
172.65092299440917,amzn
173.9220693058589,amzn
176.03456279030365,amzn
114.42444682061007,amzn
138.16523565447073,amzn
86.19527561228773,amzn
129.98245571120538,amzn
179.11810649360197,amzn
189.52852841518373,amzn
100.16033599615079,amzn
208.06511784467995,amzn
170.21497300268413,amzn
286.86285341169923,amzn
142.7492710451296,amzn
157.20325249762377,amzn
311.6902899548002,amzn
305.7884918019312,amzn
142.85713622066763,amzn
248.67765689079891,amzn
441.6647783857761,amzn
140.58498981472,amzn
197.74663511923384,amzn
293.72717307833074,amzn
312.3606925637096,amzn
201.28739361097115,amzn
167.92815470662404,amzn
244.04640188768485,amzn
225.9144560939846,amzn
113.29328325842516,amzn
70.54676798228375,amzn
132.52858539595277,amzn
223.3469731995485,amzn
172.96395819202633,amzn
149.2928196288459,amzn
131.53051624989857,amzn
85.88535392977094,amzn
130.9863245731197,amzn
120.09175922512122,amzn
120.30134737544715,amzn
237.69704365641803,amzn
227.70624042190357,amzn
109.1948774157819,amzn
302.425580406645,amzn
212.58948758155623,amzn
231.42108929022945,amzn
220.89464079285077,amzn
243.16812069963464,amzn
112.79433896676493,amzn
165.31638509924545,amzn
106.8266861514915,amzn
142.95088578280686,amzn
183.66878808913845,amzn
191.7435487874648,amzn
223.5184396126263,amzn
480.6981778075457,amzn
115.49657949744876,amzn
75.6596285656678,amzn
159.92102040357275,amzn
148.92069168457456,amzn
99.79946137648756,amzn
150.2048237798238,amzn
104.50603374836395,amzn
207.91750146914455,amzn
131.10315947058896,amzn
85.49053456748662,amzn
204.92779406085046,amzn
234.70361152868315,amzn
199.822612694866,amzn
153.21152597348896,amzn
133.10501519049504,amzn
62.66424749558924,amzn
169.09887955358627,amzn
278.24663737273517,amzn
160.73464275896563,amzn
153.71133576107414,amzn
140.17233242759593,amzn
210.99103094479494,amzn
211.44545667400823,amzn
239.50258951966276,amzn
313.29094969843914,amzn
220.83387025708322,amzn
217.8356590918549,amzn
103.38245168620405,amzn
167.6323533698142,amzn
121.1921625948174,amzn
138.16910734050865,amzn
143.92462508065995,amzn
243.6333991144955,amzn
173.54652826957036,amzn
142.20291599575185,amzn
314.3354922834437,amzn
176.12875213831657,googl
116.60868434441771,googl
93.46825798156833,googl
144.8810845628139,googl
102.06919531225522,googl
194.54220968454004,googl
270.9831934150932,googl
147.4802922625513,googl
259.97918042084007,googl
102.83944252823602,googl
120.53159615462374,googl
111.13638865248005,googl
120.88162209019217,googl
107.43959613931665,googl
95.642044834322,googl
180.78522979717405,googl
236.18795659000793,googl
167.06479958822027,googl
121.18866052883939,googl
300.3727072171188,googl
191.29190927960101,googl
135.39958880620986,googl
127.1138969445448,googl
169.15037278981885,googl
164.57942549517034,googl
101.77125597219995,googl
128.49658732598814,googl
88.73237293469498,googl
148.5021847839357,googl
114.90639412158468,googl
128.06186215806522,googl
140.38090867236863,googl
108.39526134966694,googl
94.05106126455706,googl
118.82492232761898,googl
67.67290662019353,googl
120.77426259245237,googl
163.30702193486482,googl
142.08612375646263,googl
199.81743008930505,googl
125.93395765496166,googl
170.05749070678576,googl
115.77760891664789,googl
80.32762034420787,googl
136.06167002315354,googl
146.86867737026276,googl
85.02976580494418,googl
110.66978363061762,googl
174.6910173152563,googl
101.95955875613151,googl
127.2858956461097,googl
88.32093036846277,googl
272.8807888070586,googl
184.84317629667916,googl
125.92126242064965,googl
209.24970114949738,googl
180.21177052369342,googl
212.91735949949768,googl
79.21566523437369,googl
140.1681165102936,googl
118.7184849247274,googl
157.30255373688027,googl
172.0222611983451,googl
185.75208078751302,googl
136.40544831204085,googl
183.46678061265257,googl
114.02314211371299,googl
80.27913634036832,googl
120.74837740883206,googl
154.7269703090935,googl
170.57727866649077,googl
125.04294620237847,googl
106.7419231528383,googl
86.16188131388358,googl
127.05025497711868,googl
118.55472573184007,googl
99.17937188068115,googl
216.7670761247941,googl
154.48490106812477,googl
205.9177382239804,googl
113.54891859103748,googl
218.01153717699262,googl
225.49351194386736,googl
131.8868709537169,googl
89.49158762460375,googl
187.5994862502956,googl
149.72561580986365,googl
319.48670088661635,googl
116.52311219210362,googl
160.11076097078708,googl
90.75159433003874,googl
116.05286358390308,googl
152.26019248848758,googl
84.68892571325672,googl
128.3810240198966,googl
129.64075186160815,googl
122.81304374390857,googl
108.40444154980864,googl
156.1334492726727,googl
171.06836570898633,googl
120.21282151308654,googl
104.47531739953178,googl
148.8962770781382,googl
208.23500658496738,googl
90.50155420010711,googl
257.0182021740323,googl
137.59720908889764,googl
185.49728000484276,googl
69.96647177998786,googl
134.6524909782862,googl
188.73098013716788,googl
156.07960214296494,googl
227.08060711655983,googl
125.89874631729897,googl
131.6448479249299,googl
181.93781270559657,googl
129.5040137662309,googl
125.10634887667486,googl
200.59710342960463,googl
113.84137271308273,googl
102.93978142693409,googl
194.8375044947943,googl
100.70978931426458,googl
102.65696902932761,googl
101.02635035143668,googl
244.4128906912167,googl
109.90873151695438,googl
135.1706118273859,googl
101.49664769374802,googl
143.84715186550798,googl
106.7188400034279,googl
157.4354701818826,googl
181.35737526899106,googl
97.06034030750837,googl
200.84213682941925,googl
139.92459703997804,googl
95.34232347573658,googl
78.5352834971789,googl
139.52024980644117,googl
101.36732403069803,googl
113.63040465615168,googl
146.06609707233082,googl
104.54809247605897,googl
127.72071028532481,googl
145.28317380090635,googl
105.57095895549598,googl
138.05500839472475,googl
119.21188781003254,googl
212.58451601901572,googl
73.48295923151332,googl
83.84250810016924,googl
113.84752579986332,googl
143.8040990596719,googl
120.87435112501306,googl
121.41484348620219,googl
143.5471081144444,googl
113.92432473143235,googl
148.70040891074248,googl
188.30906002965781,googl
181.18428298383833,googl
76.45526308970813,googl
92.49391433307542,googl
146.43080723043744,googl
126.67923283699378,googl
104.67477611697971,googl
96.48297832486716,googl
126.96589047717463,googl
136.66983217244103,googl
139.60630227438833,googl
97.94192500948208,googl
76.01717643120568,googl
128.24463796774344,googl
140.27376578012485,googl
104.13513903964738,googl
124.06945332100129,googl
129.38915207051355,googl
138.91729849495698,googl
212.0096180653507,googl
89.96153128141475,googl
181.74926320944903,googl
139.48452908641167,googl
112.50476103967331,googl
130.1740890442251,googl
142.69977346333653,googl
132.61078867142038,googl
109.5245942268957,googl
90.69903413307772,googl
80.34061968664452,googl
222.16311388280494,googl
157.8244516012658,googl
204.32086556891187,googl
100.02665600665053,googl
158.4647429868326,googl
112.49183694182322,googl
155.24813239301758,googl
159.62075325738041,googl
105.84580498117253,googl
84.06486546290591,googl
154.50498338751993,googl
161.78093766123973,googl
80.68075097492142,googl
145.7589444182161,googl
162.45922933576367,googl
124.04492938214055,googl
173.4014140112868,googl
158.11696209732676,googl
108.8277999675999,googl
195.42452471578332,googl
105.6447027112642,googl
145.85843695844764,googl
179.42031659965937,googl
185.96696517651205,googl
210.76679013815934,googl
104.16990023077012,googl
141.81758050296247,googl
157.74695102695256,googl
172.48308099488833,googl
192.87169800985038,googl
105.61347818891149,googl
114.48383706447657,googl
88.74530886799793,googl
163.66918687107062,googl
162.4716387029074,googl
179.15679180884547,googl
106.31960734882261,googl
171.23533866075977,googl
109.91576354774156,googl
115.80504943380323,googl
173.21266338076964,googl
251.09743134029387,googl
93.40150753369016,googl
114.03401185115688,googl
144.7886239231998,googl
76.97246348349879,googl
114.53769526935588,googl
147.81177420614165,googl
152.25033442168998,googl
233.6524972190242,googl
133.2386115624688,googl
136.94857734694793,googl
166.1011201179523,googl
106.18860985833021,googl
121.12525976662516,googl
139.0216173460824,googl
171.1140176491351,googl
161.5252728254366,googl
230.1810503112677,googl
200.37942728961679,googl
166.07230974857384,googl
123.93230444112122,googl
474.3354992644852,msft
567.5757484515073,msft
533.2321252438742,msft
356.48116823024884,msft
459.90159006771586,msft
427.8651929966273,msft
453.2475086978977,msft
293.53522183057447,msft
295.56054837848814,msft
403.3661618910698,msft
408.6874571251816,msft
650.9000007515283,msft
429.9702558329584,msft
384.14948333014934,msft
471.7737778499409,msft
546.3261404110261,msft
304.3982829435374,msft
538.7422975599651,msft
595.6316838023674,msft
759.1716907424695,msft
441.08416368837334,msft
535.0507751410447,msft
246.8137497097349,msft
489.27360809709137,msft
448.96847305938684,msft
446.1323925758867,msft
558.1361790740482,msft
306.25245557818926,msft
545.5518615225564,msft
443.9365733992372,msft
319.0820043260501,msft
410.68335832381126,msft
468.37125658315983,msft
335.90013294911796,msft
586.2287421982024,msft
481.5079145875099,msft
376.39156744806115,msft
325.41866146403265,msft
493.76504756455813,msft
368.69863525569974,msft
620.8363851747413,msft
830.5070103275283,msft
370.84505010803167,msft
485.0582570803826,msft
473.8392630911313,msft
515.58160999368,msft
367.94684749047065,msft
294.33990554946575,msft
383.9066362992996,msft
387.97022304744246,msft
458.50607912681255,msft
601.6624596296889,msft
264.4273291142868,msft
471.4538768889115,msft
393.5922296434593,msft
432.42874186099294,msft
420.30980258694535,msft
280.05089572759084,msft
412.0371146082375,msft
288.9972531766704,msft
572.2324491773668,msft
472.07663592334427,msft
511.3516833291199,msft
476.28595705845447,msft
373.1935095917206,msft
177.41954588424952,msft
529.7626139910366,msft
457.7821008662186,msft
417.39698784100034,msft
607.3705559554404,msft
391.9290016592536,msft
223.48726480354165,msft
924.5744339714249,msft
381.2090196808958,msft
675.4896209161766,msft
312.11003874277935,msft
376.86447954663663,msft
494.1031946467549,msft
282.0643898424656,msft
408.2258663173846,msft
353.25602659631716,msft
549.9515235904427,msft
439.8503962228091,msft
434.0605220496341,msft
362.0790982032894,msft
587.2106027004364,msft
292.9364059969521,msft
366.37498355521245,msft
591.4841139819763,msft
460.00215316337403,msft
435.6921251259418,msft
404.3566882873651,msft
384.14387347488196,msft
541.9870147981585,msft
382.4660342001939,msft
410.1433330921285,msft
462.9154849236261,msft
358.47834288502355,msft
315.7932266000291,msft
400.1886118598465,msft
379.7869691846912,msft
389.980335001783,msft
567.1204570306445,msft
439.4472899948265,msft
417.9036387380102,msft
447.89304430249166,msft
483.8428889877131,msft
450.49465057656073,msft
443.218478050784,msft
521.6094597802073,msft
490.87048237235996,msft
401.55521908666276,msft
270.1720451170943,msft
404.6636322666819,msft
352.3189210514122,msft
406.09026105221943,msft
234.71111650601907,msft
414.7652773910173,msft
628.2656686281073,msft
264.6491826359199,msft
411.05922428385924,msft
360.0855264428953,msft
283.4740311321358,msft
361.5787656253568,msft
362.6542769562703,msft
335.4360761384477,msft
435.83116724854256,msft
384.6176698843132,msft
251.87309233443133,msft
397.7659014703362,msft
531.7529935009811,msft
703.5175690017119,msft
400.34902373169655,msft
419.25479048949563,msft
589.1418432207727,msft
282.0135885595239,msft
420.66067849789994,msft
372.3167623500421,msft
575.0022866092961,msft
623.4253254846451,msft
694.0427011662354,msft
478.9865057327487,msft
371.0312645358578,msft
841.016635660263,msft
424.2351095931677,msft
370.8516866030148,msft
503.450274302702,msft
469.74406013091976,msft
356.36128590607234,msft
376.2117933311063,msft
500.2621932031088,msft
307.33921207560513,msft
441.4862765809721,msft
301.58694383677283,msft
447.31371089999175,msft
335.20786351615453,msft
433.9424669365683,msft
355.24450656480207,msft
368.70739247723503,msft
431.3350235145158,msft
334.55252615876196,msft
345.8602187650046,msft
372.6886255814866,msft
433.6139202844075,msft
427.78933862699114,msft
404.2926116907551,msft
449.8218380623921,msft
452.23731737323106,msft
435.49449186851166,msft
449.857009165331,msft
512.6103296482444,msft
428.0389747727618,msft
432.83408496616966,msft
381.82277250167044,msft
526.0644403135952,msft
586.3904824483611,msft
256.4207290013958,msft
568.9242475915777,msft
518.2520640380635,msft
426.5551935578917,msft
288.4208413977293,msft
489.73577912270247,msft
320.039578793635,msft
442.9726281852579,msft
439.90052345222773,msft
388.6237451432498,msft
471.4734985903083,msft
450.55818806431245,msft
352.4647000293708,msft
287.31833136054405,msft
600.1809801701095,msft
313.2403784526698,msft
318.9484722160646,msft
373.8749355388001,msft
355.0181593830306,msft
340.472670659617,msft
388.3138193346481,msft
516.5267642604006,msft
410.1837101857193,msft
356.4969263533599,msft
830.0588740406922,msft
439.38620568996186,msft
544.9511131303926,msft
293.50623703308025,msft
279.5197956212689,msft
573.8817173918402,msft
405.6652528457282,msft
427.1100804841297,msft
287.68300742482825,msft
372.5137044537758,msft
305.97852033920776,msft
406.2549959925985,msft
580.99595776949,msft
451.9117842643153,msft
510.32702729405565,msft
427.8465730503446,msft
385.1689464956316,msft
371.9727941281827,msft
336.77113533570633,msft
531.1211567210908,msft
592.325452240195,msft
435.3414664894888,msft
411.31315090195005,msft
303.7398305888274,msft
541.3911842514799,msft
381.75695583961726,msft
412.85195237708194,msft
464.86382219499444,msft
407.39669065398886,msft
303.89624115286557,msft
351.87124546657463,msft
319.43148322233117,msft
751.7185886307304,msft
376.54665656849306,msft
304.261760616847,msft
632.9700029070001,msft
492.84788013075337,msft
433.17899914615174,msft
289.97129045218617,msft
515.9209744886966,msft
473.05739892211614,msft
444.6290343294404,msft
594.7582554708955,msft
495.38382543794097,msft
412.4510554990683,msft
342.5111210268298,msft
329.89161833547666,msft
389.08215253230054,msft
558.6865779628095,msft
331.65328012640595,msft
135.57083984412628,aapl
183.1834960637676,aapl
171.31188372337715,aapl
197.10131964223433,aapl
242.0310017006844,aapl
158.69540916999028,aapl
200.6250066028565,aapl
223.45443114503502,aapl
378.198703605819,aapl
173.65458034036516,aapl
116.34668957947,aapl
162.03788252830478,aapl
157.6815654188259,aapl
261.52437770688454,aapl
167.9244009532077,aapl
237.3606534244308,aapl
137.31006226299755,aapl
201.61685209395714,aapl
120.26520140868377,aapl
132.22928473935005,aapl
157.56811885064747,aapl
105.07220443065252,aapl
235.64251405500187,aapl
183.16405807961607,aapl
127.19227523480085,aapl
185.53037034285654,aapl
149.25063576167886,aapl
183.97483943962925,aapl
162.21173179596136,aapl
165.71641949663086,aapl
219.60507091315077,aapl
270.2704501915358,aapl
147.7683697543423,aapl
266.3056153449595,aapl
138.03972732030664,aapl
214.7403799799816,aapl
270.63305263731365,aapl
161.0746832806248,aapl
188.83030102221778,aapl
193.82047731444723,aapl
226.36684300468056,aapl
127.01214758771104,aapl
129.37758847047783,aapl
180.00776418663176,aapl
190.33132090972987,aapl
138.91969678765267,aapl
258.09562562460815,aapl
121.66303503555558,aapl
357.45164090392416,aapl
214.82459602717202,aapl
261.2466512886143,aapl
181.7687436354312,aapl
305.3100168939092,aapl
141.69058400876358,aapl
141.43653096492716,aapl
110.7747018868575,aapl
171.450503287017,aapl
138.32033979658956,aapl
180.45712216914688,aapl
315.10458350412404,aapl
167.8258090335824,aapl
159.74026631165825,aapl
127.48813736288682,aapl
138.32120179314202,aapl
193.34214699407485,aapl
195.81327622547906,aapl
241.45173152617699,aapl
214.21531321117365,aapl
218.54704407885794,aapl
261.19631126323003,aapl
131.27059249384072,aapl
119.3723255181498,aapl
192.08426426044898,aapl
251.5548986833253,aapl
177.5518367644489,aapl
191.49495098751927,aapl
108.01554263258052,aapl
163.86613838739603,aapl
145.01378973359692,aapl
194.88513289308617,aapl
123.7034590087158,aapl
138.25783049126994,aapl
201.15001416245343,aapl
103.20284264698769,aapl
169.65612876336138,aapl
188.8981485733193,aapl
250.4223478728092,aapl
206.4969647274795,aapl
210.5374235628917,aapl
138.5906204826381,aapl
134.8063671157945,aapl
81.86343876867679,aapl
154.36422449161074,aapl
167.39055858532595,aapl
116.10370313351986,aapl
146.42139526144544,aapl
210.95568017396943,aapl
136.48114191670757,aapl
171.52640886639648,aapl
190.96100273011638,aapl
193.8722151947401,aapl
172.33829402380172,aapl
128.2365969059928,aapl
148.133475124673,aapl
297.12902551639047,aapl
162.7662257073928,aapl
208.91423819723846,aapl
216.44329716395748,aapl
153.57701418593115,aapl
148.08931060031253,aapl
195.43259622713776,aapl
116.4801423682807,aapl
261.3786896635056,aapl
174.58819289737707,aapl
188.32544364040908,aapl
289.1304456146491,aapl
249.1900725803733,aapl
268.8801278106956,aapl
232.4780110747821,aapl
147.68797174988177,aapl
193.2075028241923,aapl
137.6049100089692,aapl
163.15139257435388,aapl
181.38885420613673,aapl
181.35696740527172,aapl
259.1631041543103,aapl
138.2902616816518,aapl
250.9896869478234,aapl
218.42912649012732,aapl
195.5744058086845,aapl
242.7335840838664,aapl
204.40839325884573,aapl
252.01794585518982,aapl
154.9961738357566,aapl
275.728412196238,aapl
230.31046322815763,aapl
137.2264028236549,aapl
142.31008595114938,aapl
124.31887175514417,aapl
452.0233378325269,aapl
172.6806035387057,aapl
218.99836799801116,aapl
202.90712808288487,aapl
237.95235453640083,aapl
212.14249916854993,aapl
234.71817737583666,aapl
197.51715040055015,aapl
142.7256048811764,aapl
150.4946568824696,aapl
213.9228754731379,aapl
169.40830599244754,aapl
313.69038215246866,aapl
380.59687674317416,aapl
115.036223447033,aapl
238.95343200579597,aapl
177.67656869153518,aapl
159.1015480223726,aapl
205.17993796988765,aapl
116.17052434980671,aapl
166.78232482625899,aapl
195.88930390618629,aapl
130.13334780347301,aapl
165.81080911227693,aapl
221.9614840239021,aapl
159.7207174189964,aapl
153.38103369652293,aapl
183.4140614991495,aapl
111.5844182648403,aapl
169.19839137180017,aapl
180.97895677842982,aapl
233.5233218964587,aapl
112.70961697660286,aapl
177.06782611029828,aapl
135.94813084641666,aapl
228.16278569941665,aapl
243.60173586605237,aapl
250.47073795130976,aapl
216.02651223060033,aapl
166.64184439500812,aapl
251.111149483521,aapl
281.8732291760336,aapl
238.92674469808318,aapl
237.42441093096082,aapl
252.47840376010504,aapl
156.0362025097401,aapl
169.22511430689937,aapl
187.15144840947963,aapl
190.67429522142123,aapl
154.24109989776886,aapl
467.524707355545,aapl
171.25676747043846,aapl
163.960780993455,aapl
229.66332900666308,aapl
144.96052523297683,aapl
198.78461316888053,aapl
150.97459477294052,aapl
130.83226687212507,aapl
235.40181488630213,aapl
207.02401251534403,aapl
230.75846838313518,aapl
139.1279096092502,aapl
146.22453455975688,aapl
220.80183497085082,aapl
107.59430623573603,aapl
171.0692611403037,aapl
193.34990546405973,aapl
186.07687900214768,aapl
124.06955514934859,aapl
203.40010495212036,aapl
153.92532550575748,aapl
107.10461629017202,aapl
166.250613336902,aapl
165.61104981839998,aapl
223.5591788204076,aapl
242.6851917320025,aapl
146.49385454863392,aapl
117.98713014444081,aapl
145.95153992222683,aapl
160.23155300466593,aapl
190.62286540794295,aapl
233.2890183953999,aapl
348.6799889551337,aapl
175.3319632175462,aapl
119.24131509521348,aapl
184.4647545873441,aapl
409.61079747060035,aapl
212.2552050850093,aapl
106.62465696646574,aapl
212.58754905222423,aapl
182.3530285945322,aapl
213.7564072054644,aapl
271.4134101345671,aapl
166.02501990457685,aapl
242.64796923348965,aapl
142.2716162255158,aapl
155.67944711935428,aapl
225.62637965490194,aapl
173.51553414272442,aapl
113.93752374321357,aapl
130.64008109851753,aapl
209.30835081641777,aapl
268.6230549487686,aapl
109.66838460135199,aapl
116.3778933714089,aapl
175.46348950107128,aapl
157.79813836711435,aapl
148.12888027222743,aapl
173.27403790126104,aapl
313.7561201820776,aapl
147.99818653274716,aapl
151.4632173690048,amzn
113.28062682947996,amzn
179.9298658308781,amzn
115.04426483195316,amzn
276.54730054276456,amzn
116.8966898088481,amzn
205.4583089556885,amzn
102.51701927334416,amzn
111.96184122182261,amzn
154.09759577654256,amzn
203.58421670012427,amzn
255.54944948713813,amzn
97.95608567948696,amzn
455.67910642075253,amzn
158.4189539198748,amzn
271.3718306075201,amzn
172.46379006280605,amzn
178.52843729436017,amzn
127.06548185659175,amzn
562.964230124662,amzn
114.23305121682134,amzn
312.8310831450345,amzn
164.78888581609792,amzn
217.43691617107538,amzn
213.9735949084192,amzn
96.82838034545253,amzn
79.09164525304682,amzn
131.65431749943752,amzn
124.0423257046058,amzn
150.64331924166257,amzn
171.62218908073268,amzn
106.87321230746863,amzn
188.9775803796468,amzn
118.36286143399794,amzn
170.691012659557,amzn
266.706415001824,amzn
288.20465443736555,amzn
141.28740094754198,amzn
72.30195748077452,amzn
258.25673677616544,amzn
316.295193287283,amzn
225.1672849828002,amzn
133.2630307418686,amzn
197.28642052701227,amzn
207.1884913642258,amzn
245.06009738131326,amzn
225.30606083028965,amzn
188.89838460251138,amzn
128.45224991509087,amzn
109.33150395813928,amzn
153.35349322608528,amzn
110.2629889399525,amzn
113.71361686901716,amzn
128.398615992864,amzn
343.0464543092146,amzn
221.97294434529843,amzn
177.8652292057644,amzn
132.73821819065458,amzn
159.14255509435245,amzn
314.57788233387623,amzn
98.60085940059403,amzn
240.99413556748414,amzn
156.21054359891798,amzn
128.37316707811158,amzn
300.466040608062,amzn
89.49125077392006,amzn
123.69087435360086,amzn
211.23824388654555,amzn
174.8973897697565,amzn
112.90984652982392,amzn
282.1350793750666,amzn
134.44481513115994,amzn
171.38505021751777,amzn
74.0441167301083,amzn
197.100349333131,amzn
235.83914128806265,amzn
163.2125112233116,amzn
162.61240481508895,amzn
107.37365301801586,amzn
64.68696084731387,amzn
137.95060547265462,amzn
258.8028135077604,amzn
240.8351844427472,amzn
235.21878549999536,amzn
119.26571730324072,amzn
304.3839276261766,amzn
287.9370058378346,amzn
188.5054484249053,amzn
93.9261931202748,amzn
105.82524424990352,amzn
186.15952330471933,amzn
179.02804543163015,amzn
640.9302985062903,amzn
163.06039582701547,amzn
139.29967471018122,amzn
130.41001272373373,amzn
133.23164403261222,amzn
226.9054323213302,amzn
349.027772136555,amzn
236.69397449705585,amzn
358.6862400726239,amzn
99.40937980108377,amzn
207.56637865000152,amzn
136.72790566256637,amzn
341.63164824507686,amzn
354.0948715328633,amzn
207.47891484300868,amzn
216.72289614265821,amzn
262.0966725924722,amzn
147.63772591350119,amzn
127.85165407086339,amzn
234.67266143581637,amzn
243.0610465108559,amzn
191.69026696520552,amzn
306.9953261619874,amzn
144.9296383614605,amzn
193.2977409380582,amzn
143.18668175835518,amzn
199.8899340527513,amzn
137.96247399223057,amzn
156.93379420202302,amzn
176.6052693148884,amzn
224.64077027282707,amzn
137.21628684604022,amzn
210.69294120383765,amzn
109.5672429318147,amzn
229.17174451036013,amzn
256.4826755223627,amzn
159.9037065441383,amzn
208.69338641761914,amzn
336.24656725571543,amzn
432.6408079869867,amzn
101.68972572258996,amzn
100.06213222326461,amzn
160.29179207594268,amzn
200.71266362968396,amzn
194.2473804313828,amzn
299.3080111289918,amzn
75.14692015636278,amzn
850.2437132983971,amzn
207.6530580977644,amzn
178.03765186426895,amzn
133.01409776798516,amzn
237.13327331508262,amzn
168.459797820848,amzn
280.3970025118351,amzn
181.5593540859464,amzn
322.72063414146396,amzn
179.86722502653575,amzn
188.00339541590606,amzn
115.02258248796504,amzn
134.45961908706866,amzn
273.6083283673796,amzn
118.57177911894672,amzn
202.69224404006707,amzn
184.12005906366335,amzn
240.159640984025,amzn
388.9961562332076,amzn
130.6333661581092,amzn
364.89664492388727,amzn
170.09764652419284,amzn
228.13739486868738,amzn
204.0469863314817,amzn
210.40442647558584,amzn
220.26047738712998,amzn
229.40755095862562,amzn
191.86357485395118,amzn
121.18606797705752,amzn
165.98506078684045,amzn
535.5511837540632,amzn
363.08268340269274,amzn
102.9279894434815,amzn
174.41698698822046,amzn
99.50061912931943,amzn
211.5303095279858,amzn
101.95350330538207,amzn
132.21105181609775,amzn
238.75767853178363,amzn
151.15666927477824,amzn
265.97587763565116,amzn
199.06037714734126,amzn
92.59832847799618,amzn
123.99190174444429,amzn
281.8581606224651,amzn
116.68784176494636,amzn
300.4012349309997,amzn
199.4596626479969,amzn
178.76816502585535,amzn
427.54954530224273,amzn
96.9987281770109,amzn
212.93749860068883,amzn
155.13033105714783,amzn
108.59326074758283,amzn
283.13344624550876,amzn
160.80164836930595,amzn
220.73018049277073,amzn
121.12472490409179,amzn
207.7766198247358,amzn
210.45574628350306,amzn
226.58168303191005,amzn
168.61811254890287,amzn
239.53859541502104,amzn
194.49421420967764,amzn
219.9472851928985,amzn
202.55919143122054,amzn
314.78612972202427,amzn
180.18382996001597,amzn
165.4961827910292,amzn
145.5145654887771,amzn
139.878266971621,amzn
252.04025952404652,amzn
149.38303062615336,amzn
383.7326187385035,amzn
235.95905259301838,amzn
197.3331149304905,amzn
183.55027348555117,amzn
109.73895387476239,amzn
191.13091594012587,amzn
66.46211623474909,amzn
167.64539598157128,amzn
286.0024139095386,amzn
115.43698108965421,amzn
249.2737596623964,amzn
153.952270442995,amzn
244.6147298434651,amzn
308.2134705402602,amzn
151.2834651493514,amzn
310.4303288836121,amzn
297.5280281999117,amzn
155.30160995901147,amzn
111.02822032139565,amzn
121.85516164033528,amzn
158.84613597707187,amzn
151.04350003676822,amzn
200.57776933661142,amzn
244.50964453284428,amzn
170.7239356647808,amzn
206.0172237196089,amzn
147.03797376833444,amzn
262.18715470433966,amzn
128.81887322949393,amzn
136.5819475935374,amzn
146.32457027185092,amzn
103.70304431851454,amzn
174.48572968653735,amzn
123.83607322707199,amzn
283.3711649095579,amzn
368.49837507795905,amzn
128.51940243533025,amzn
90.24565770463825,amzn
153.13900313732904,googl
250.67888184003723,googl
128.09679964474253,googl
126.30070934004955,googl
172.78912635916024,googl
147.71822156974477,googl
202.4082237851894,googl
131.59836000324626,googl
71.62393889176411,googl
150.29191981532006,googl
177.42239890691633,googl
140.62888013007947,googl
143.35753620144814,googl
182.4708630157725,googl
123.00952069168282,googl
109.6617361485682,googl
86.12756878131624,googl
112.43521983600014,googl
142.5439703393638,googl
129.9522456848698,googl
167.60148440374914,googl
208.87113609264216,googl
137.29037981589767,googl
135.39014149811632,googl
108.68547975744141,googl
155.70658147329522,googl
67.28538322568075,googl
193.73821531367133,googl
155.2516508375468,googl
234.96797522567775,googl
164.88875373689137,googl
72.6166471512651,googl
128.4991896288048,googl
166.02905830671176,googl
173.73541205541522,googl
145.93627900441038,googl
135.0094672462227,googl
91.13825134919614,googl
120.01057529521876,googl
90.03233329826924,googl
115.08493387264689,googl
143.17396114821088,googl
70.48811613073646,googl
181.9065245868943,googl
87.7199176411012,googl
140.4832184034399,googl
98.19690603893676,googl
83.75046943070143,googl
93.73056887127764,googl
144.92379996134906,googl
144.6430225073056,googl
138.94366881963256,googl
116.93326197171183,googl
137.8135449373589,googl
81.93484761978482,googl
219.54145370619548,googl
138.79282229636036,googl
251.02723497171212,googl
155.36059689315013,googl
99.29263962210035,googl
187.8924193072789,googl
59.75323509075665,googl
104.30648291781034,googl
155.45830416859633,googl
686.4916775450122,googl
138.41291081610373,googl
89.33999220202685,googl
91.14901216320213,googl
190.6589384917811,googl
146.31475369412138,googl
127.67258985651587,googl
100.92253766141603,googl
195.7008299386563,googl
173.2738210919265,googl
197.7769255911696,googl
109.77024642847435,googl
163.97698210042,googl
132.53688687836365,googl
63.28915331706597,googl
131.12672165399715,googl
141.98902834299216,googl
134.48890076931156,googl
190.08152117430677,googl
208.8367319413227,googl
157.31031310696434,googl
86.08280245880462,googl
167.80544083775342,googl
208.57804416715106,googl
184.62836715744913,googl
201.7596323392983,googl
174.78486501155132,googl
279.8193923899101,googl
85.95463807830669,googl
95.21599309937056,googl
105.4604273150929,googl
123.88255241243355,googl
194.06300742000894,googl
159.90295940526215,googl
147.8068275442942,googl
126.71954419926287,googl
202.54598601627694,googl
230.1995449515093,googl
117.18926087019213,googl
195.370288579357,googl
223.30282022102622,googl
160.5140731356586,googl
133.46565281236164,googl
155.50962008080626,googl
203.8021199938721,googl
181.64159283172242,googl
109.73154384179968,googl
166.6873431709235,googl
159.20310494451988,googl
197.08576191942748,googl
59.674623952301545,googl
112.25369816235373,googl
152.9640790861623,googl
106.84729544596419,googl
98.23103747916994,googl
183.11885152368592,googl
184.1643373701882,googl
174.4739888930888,googl
138.04110274802596,googl
112.07144277350793,googl
118.89851703335789,googl
212.33513009244214,googl
102.77604526657535,googl
74.9353249038046,googl
207.77159091314158,googl
151.92651260604313,googl
233.57208852356925,googl
241.92476515406568,googl
138.35901534176554,googl
149.89233991974498,googl
165.18506313100036,googl
116.32367248546937,googl
119.44846168073103,googl
180.37512924913588,googl
155.82495349185012,googl
82.60205531157887,googl
91.84515164571673,googl
190.88578924821599,googl
155.09601168421187,googl
108.13930722674885,googl
179.3015552879107,googl
178.7685757928353,googl
170.52056362985414,googl
119.56381174223212,googl
116.80822596755583,googl
176.39805910660746,googl
73.55589271221466,googl
219.9613870115982,googl
145.51019786676193,googl
56.13369676560764,googl
186.4645230777056,googl
89.66269128738905,googl
132.268254419441,googl
125.3133142840702,googl
152.78824021429938,googl
260.029876924609,googl
157.54622540872919,googl
153.13229988896816,googl
145.2396142186836,googl
186.26035526976253,googl
144.3164002410485,googl
112.79140149635684,googl
126.86754942390834,googl
233.05508170933328,googl
234.63368031494284,googl
137.87926362312356,googl
115.26003495971612,googl
143.21243774622366,googl
135.1045186447955,googl
102.04713352300524,googl
187.51291671056805,googl
130.56114517222343,googl
214.85222187266788,googl
99.44432827895018,googl
215.83474949958995,googl
100.43658116668186,googl
176.0973228618834,googl
155.93798768473724,googl
119.41446346892462,googl
140.03305495210944,googl
196.45395178401998,googl
123.18896500282935,googl
173.92080327666827,googl
193.06859073791594,googl
117.86768848703281,googl
179.88084030368876,googl
177.3086405510622,googl
113.3175087875282,googl
221.73044510803112,googl
155.01725266554456,googl
292.0629110981255,googl
281.82157613801024,googl
70.04879593877506,googl
145.79205325161925,googl
99.12008373594092,googl
145.71435940470727,googl
138.49393978604246,googl
102.18286427100554,googl
188.86739406207454,googl
172.75096100955633,googl
172.69365496071106,googl
86.45610242418716,googl
89.86300667717603,googl
129.49115847332592,googl
145.27213829219298,googl
110.37042957380423,googl
115.5432298715487,googl
107.61065320598779,googl
157.45892305601777,googl
162.24170870197904,googl
127.12285835149117,googl
111.54277179253587,googl
113.92338324308781,googl
99.56043105180888,googl
146.1655860158361,googl
42.24248199666238,googl
84.8417374167708,googl
260.25290064778585,googl
116.80437853079765,googl
145.75520233059254,googl
122.88874147642632,googl
107.55342687349162,googl
128.09707216841687,googl
101.63661567533076,googl
86.03853143222372,googl
112.72353394039295,googl
140.22536993210628,googl
103.20789285539068,googl
228.14074775145022,googl
110.02349179006615,googl
155.0815722089815,googl
113.60244888803138,googl
164.6959108275097,googl
260.70074665949045,googl
114.18276670207892,googl
204.2450635506775,googl
125.84841352402094,googl
162.47471979923472,googl
117.35525686255241,googl
138.41841977655062,googl
91.21004426832774,googl
131.76674169088898,googl
128.36866027120237,googl
73.99001084423578,googl
161.999066709225,googl
192.80213130968164,googl
385.14264781007046,msft
745.7222250364624,msft
260.569332815269,msft
301.4455039813642,msft
385.77004197381984,msft
342.88025926860087,msft
395.07742150493715,msft
272.29456129528893,msft
320.1480345035444,msft
538.4512879678484,msft
746.210325387343,msft
636.4080280174712,msft
437.8957525165813,msft
438.4381096282907,msft
327.6633721382771,msft
350.169872212803,msft
717.9502206537969,msft
403.34227852700553,msft
267.5897501912965,msft
337.18094997879683,msft
378.210629621723,msft
400.9839719094001,msft
400.7867653688716,msft
777.3335822054269,msft
225.64644973645267,msft
560.3197763196438,msft
313.5810568122743,msft
507.44956050836316,msft
308.46488096342296,msft
480.483131786943,msft
215.92683871328987,msft
280.89493429054386,msft
332.8890085227692,msft
390.6659641466435,msft
477.7543210728826,msft
391.35182211496976,msft
540.8018876833345,msft
281.9967469337815,msft
341.4796589697625,msft
226.94179069606832,msft
373.81100783022384,msft
342.97505318185426,msft
396.9719616105371,msft
329.2103196418229,msft
413.35075894844607,msft
533.6036496956475,msft
397.9454223368771,msft
388.1214837169443,msft
328.40006370631806,msft
538.1782506084543,msft
339.0875093350574,msft
411.0064874714747,msft
461.929524520719,msft
313.9526803619499,msft
286.9505716937954,msft
358.94533078550484,msft
351.85796522597917,msft
624.7955957530919,msft
375.9870727454068,msft
407.73650429694135,msft
436.13550776030894,msft
357.9948341081446,msft
424.18969415923954,msft
374.43051372120397,msft
298.5750205923345,msft
424.53481333241496,msft
428.7183828312567,msft
281.0364899304082,msft
465.4129446661591,msft
510.273799536356,msft
304.61036196107705,msft
317.3878383385189,msft
367.6795347111574,msft
374.53246002371077,msft
356.5737530150804,msft
331.9649376242197,msft
598.9157810053719,msft
260.99979435356937,msft
329.5145068096372,msft
640.2895617109036,msft
393.98727205796763,msft
241.43640906514173,msft
413.258356524477,msft
422.43611685966084,msft
260.9311799015597,msft
379.92499627285787,msft
349.66704428486446,msft
548.6553723209272,msft
322.65447118457126,msft
511.64907482805114,msft
266.0403786669883,msft
366.3385669297958,msft
495.6212928486287,msft
376.1187983525418,msft
887.6635493490044,msft
383.1982246193263,msft
338.5437290124631,msft
352.0767234969392,msft
380.85655279668725,msft
373.0531859931249,msft
471.469601126452,msft
469.5149880625645,msft
391.1486999198175,msft
396.6407568163967,msft
631.2102021799323,msft
434.73229235219605,msft
249.6164591270505,msft
527.9979568229803,msft
417.7079586559162,msft
522.8802480283384,msft
345.6354652064937,msft
282.53364251230255,msft
325.0879846576257,msft
411.27472433317047,msft
379.60898919908306,msft
418.88069015190473,msft
450.5563030821194,msft
728.897708989525,msft
328.2764229751772,msft
521.7450044991065,msft
292.6822478239211,msft
268.83915157398906,msft
652.520281557334,msft
371.4512652699326,msft
603.865229139366,msft
298.57968258851236,msft
619.4396070565037,msft
397.36220864784354,msft
429.0796484126538,msft
458.92265178118726,msft
409.0566738832023,msft
600.9117847279363,msft
379.63376570369525,msft
505.7176146975779,msft
375.93366384047835,msft
210.14762700387487,msft
395.55087254526774,msft
394.8325919874176,msft
334.95572322908805,msft
488.0661795718823,msft
359.0721247598613,msft
574.0850765573838,msft
411.8946290269757,msft
386.2123149045641,msft
346.21095504197365,msft
566.6031488503432,msft
495.28836061744784,msft
293.69295455527555,msft
259.47191627090734,msft
375.44060697381315,msft
252.70673084886076,msft
595.8250822843729,msft
523.2466352905433,msft
457.8885503017244,msft
532.9969104112919,msft
457.29840298236627,msft
390.2267820874746,msft
461.5141939438015,msft
312.1261591322218,msft
501.18068013759273,msft
301.5714546255326,msft
477.96641279216027,msft
310.72062138662085,msft
460.48743345025474,msft
528.551643923772,msft
446.5734654104514,msft
473.2465597982538,msft
568.7432532814638,msft
277.1567920246574,msft
613.0991463652912,msft
499.28834916403775,msft
502.81586500263273,msft
356.6798404840752,msft
529.7496303973247,msft
321.0370824414728,msft
370.2274794660369,msft
320.72793432160665,msft
638.2265295383161,msft
246.99683501855034,msft
395.1122474405236,msft
500.27126649876567,msft
373.9843384485867,msft
311.75898577552323,msft
316.226876888392,msft
519.9547817187193,msft
436.9045247787938,msft
394.97131548159206,msft
454.48713980604913,msft
317.4289373153804,msft
621.850995988304,msft
473.47722264965813,msft
466.39009301850615,msft
282.38442951932365,msft
478.0406790905561,msft
507.09503666311525,msft
374.20211354927216,msft
373.29611221891844,msft
387.6177274446025,msft
409.1924352299594,msft
333.99211092241075,msft
521.079748317582,msft
383.4429338263004,msft
394.2513366301528,msft
572.1322523171092,msft
588.6339471437741,msft
384.51573014808116,msft
602.5943780463988,msft
677.5488429286954,msft
418.4153684829882,msft
353.41566879042455,msft
189.30131791257335,msft
412.9632600537521,msft
400.6296388932105,msft
258.01204007385996,msft
419.27731927173045,msft
652.5304906054931,msft
340.13144890592343,msft
377.32781079029013,msft
343.4190357350539,msft
378.4564887132937,msft
379.25622027785266,msft
693.3785345473401,msft
306.68368909902847,msft
800.380793893818,msft
279.30917435160933,msft
539.4348375715573,msft
464.7133582415174,msft
316.9696848801667,msft
469.9288838786422,msft
302.81221167697635,msft
428.0566851864991,msft
462.5294088663517,msft
346.151713094948,msft
297.77726219004336,msft
379.1540916654545,msft
561.5273609470045,msft
268.45977617826765,msft
379.1408968471165,msft
433.47979986300686,msft
394.57389994797217,msft
467.64287746076764,msft
581.2646153952937,msft
423.6499758774399,msft
395.79470919776537,msft
569.8376864905655,msft
376.7425283544073,msft
454.61992442749136,msft
396.7514327945173,msft
460.28896906689346,msft
486.2299903023288,msft
